EPER_Name,EPER_Code,EPER_Section,EPER_SubSection,LOV_NACEActivityID,EPRTR_Name,EPRTR_Code,EPRTR_StartYear,EPRTR_EndYear,EPRTR_ParentID
OTHER,OTHER,,,968,OTHER,NACE_1.1:OTHER,2001,2004,
"Section A Agriculture, Hunting and Forestry",A,A,,969,"Section A Agriculture, Hunting and Forestry",NACE_1.1:A,2001,2004,
Section B Fishing,B,B,,970,Section B Fishing,NACE_1.1:B,2001,2004,
Section C Mining and quarrying,C,C,,971,Section C Mining and quarrying,NACE_1.1:C,2001,2004,
Section D Manufacturing,D,D,,972,Section D Manufacturing,NACE_1.1:D,2001,2004,
"Section E Electricity, gas and water supply",E,E,,973,"Section E Electricity, gas and water supply",NACE_1.1:E,2001,2004,
Section F Construction,F,F,,974,Section F Construction,NACE_1.1:F,2001,2004,
"Section G Wholesale & retail trade; repair of motor vehicles, household ...",G,G,,975,"Section G Wholesale & retail trade; repair of motor vehicles, household ...",NACE_1.1:G,2001,2004,
Section H Hotels and restaurants,H,H,,976,Section H Hotels and restaurants,NACE_1.1:H,2001,2004,
"Section I Transport, storage and communication",I,I,,977,"Section I Transport, storage and communication",NACE_1.1:I,2001,2004,
Section J Financial intermediation,J,J,,978,Section J Financial intermediation,NACE_1.1:J,2001,2004,
"Section K Real estate, renting and business activities",K,K,,979,"Section K Real estate, renting and business activities",NACE_1.1:K,2001,2004,
Section L Public administration and defence; compulsory social security,L,L,,980,Section L Public administration and defence; compulsory social security,NACE_1.1:L,2001,2004,
Section M Education,M,M,,981,Section M Education,NACE_1.1:M,2001,2004,
Section N Health and social work,N,N,,982,Section N Health and social work,NACE_1.1:N,2001,2004,
"Section O Other community, social and personal service activities",O,O,,983,"Section O Other community, social and personal service activities",NACE_1.1:O,2001,2004,
SubSection CA Mining and quarrying of energy producing materials,CA,,CA,984,SubSection CA Mining and quarrying of energy producing materials,NACE_1.1:CA,2001,2004,971
SubSection CB Mining and quarrying except energy producing materials,CB,,CB,985,SubSection CB Mining and quarrying except energy producing materials,NACE_1.1:CB,2001,2004,971
SubSection DA Manufacture of food products; beverages and tobacco,DA,,DA,986,SubSection DA Manufacture of food products; beverages and tobacco,NACE_1.1:DA,2001,2004,972
SubSection DB Manufacture of textiles and textile products,DB,,DB,987,SubSection DB Manufacture of textiles and textile products,NACE_1.1:DB,2001,2004,972
SubSection DC Manufacture of leather and leather products,DC,,DC,988,SubSection DC Manufacture of leather and leather products,NACE_1.1:DC,2001,2004,972
SubSection DD Manufacture of wood and wood products,DD,,DD,989,SubSection DD Manufacture of wood and wood products,NACE_1.1:DD,2001,2004,972
"SubSection DE Manuf. of pulp, paper & paper product; publishing & printing",DE,,DE,990,"SubSection DE Manuf. of pulp, paper & paper product; publishing & printing",NACE_1.1:DE,2001,2004,972
"SubSection DF Manufac. of coke, refined petroleum products & nuclear fuel",DF,,DF,991,"SubSection DF Manufac. of coke, refined petroleum products & nuclear fuel",NACE_1.1:DF,2001,2004,972
SubSection DM Manufacture of transport equipment,DM,,DM,992,SubSection DM Manufacture of transport equipment,NACE_1.1:DM,2001,2004,972
SubSection DN Manufacturing n.e.c,DN,,DN,993,SubSection DN Manufacturing n.e.c,NACE_1.1:DN,2001,2004,972
"SubSection DG Manufac. of chemicals, chemical products and man-made fibres",DG,,DG,994,"SubSection DG Manufac. of chemicals, chemical products and man-made fibres",NACE_1.1:DG,2001,2004,972
SubSection DH Manufacture of rubber and plastic products,DH,,DH,995,SubSection DH Manufacture of rubber and plastic products,NACE_1.1:DH,2001,2004,972
SubSection DI Manufacture of other non-metallic mineral products,DI,,DI,996,SubSection DI Manufacture of other non-metallic mineral products,NACE_1.1:DI,2001,2004,972
SubSection DJ Manufacture of basic metals and fabricated metal products,DJ,,DJ,997,SubSection DJ Manufacture of basic metals and fabricated metal products,NACE_1.1:DJ,2001,2004,972
SubSection DK Manufacture of machinery and equipment n.e.c,DK,,DK,998,SubSection DK Manufacture of machinery and equipment n.e.c,NACE_1.1:DK,2001,2004,972
SubSection DL Manufacture of electrical and optical equipment,DL,,DL,999,SubSection DL Manufacture of electrical and optical equipment,NACE_1.1:DL,2001,2004,972
Mining of coal and lignite; extraction of peat,10.00,C,CA,1000,Mining of coal and lignite; extraction of peat,NACE_1.1:10.00,2001,2004,984
Mining and agglomeration of hard coal,10.10,C,CA,1001,Mining and agglomeration of hard coal,NACE_1.1:10.10,2001,2004,984
Mining and agglomeration of lignite,10.20,C,CA,1002,Mining and agglomeration of lignite,NACE_1.1:10.20,2001,2004,984
Extraction and agglomeration of peat,10.30,C,CA,1003,Extraction and agglomeration of peat,NACE_1.1:10.30,2001,2004,984
"Extraction of crude petroleum and natural gas + service activities, excl..",11.00,C,CA,1004,"Extraction of crude petroleum and natural gas + service activities, excl..",NACE_1.1:11.00,2001,2004,984
Extraction of crude petroleum and natural gas,11.10,C,CA,1005,Extraction of crude petroleum and natural gas,NACE_1.1:11.10,2001,2004,984
Extraction of crude petroleum,11.11,C,CA,1006,Extraction of crude petroleum,NACE_1.1:11.11,2001,2004,984
Extraction of natural gas,11.12,C,CA,1007,Extraction of natural gas,NACE_1.1:11.12,2001,2004,984
Extraction of bituminous shale and sand,11.13,C,CA,1008,Extraction of bituminous shale and sand,NACE_1.1:11.13,2001,2004,984
Service activities incidental to oil and gas extraction excluding surveying,11.20,C,CA,1009,Service activities incidental to oil and gas extraction excluding surveying,NACE_1.1:11.20,2001,2004,984
Mining of uranium and thorium ores,12.00,C,CA,1010,Mining of uranium and thorium ores,NACE_1.1:12.00,2001,2004,984
Mining of metal ores,13.00,C,CB,1011,Mining of metal ores,NACE_1.1:13.00,2001,2004,985
Mining of iron ores,13.10,C,CB,1012,Mining of iron ores,NACE_1.1:13.10,2001,2004,985
"Mining of non-ferrous metal ores, except uranium and thorium ores",13.20,C,CB,1013,"Mining of non-ferrous metal ores, except uranium and thorium ores",NACE_1.1:13.20,2001,2004,985
Other mining and quarrying,14.00,C,CB,1014,Other mining and quarrying,NACE_1.1:14.00,2001,2004,985
Quarrying of stone,14.10,C,CB,1015,Quarrying of stone,NACE_1.1:14.10,2001,2004,985
Quarrying of stone for construction,14.11,C,CB,1016,Quarrying of stone for construction,NACE_1.1:14.11,2001,2004,985
"Quarrying of limestone, gypsum and chalk",14.12,C,CB,1017,"Quarrying of limestone, gypsum and chalk",NACE_1.1:14.12,2001,2004,985
Quarrying of slate,14.13,C,CB,1018,Quarrying of slate,NACE_1.1:14.13,2001,2004,985
Quarrying of sand and clay,14.20,C,CB,1019,Quarrying of sand and clay,NACE_1.1:14.20,2001,2004,985
Operation of gravel and sand pits,14.21,C,CB,1020,Operation of gravel and sand pits,NACE_1.1:14.21,2001,2004,985
Mining of clays and kaolin,14.22,C,CB,1021,Mining of clays and kaolin,NACE_1.1:14.22,2001,2004,985
Mining of chemical and fertiliser minerals,14.30,C,CB,1022,Mining of chemical and fertiliser minerals,NACE_1.1:14.30,2001,2004,985
Production of salt,14.40,C,CB,1023,Production of salt,NACE_1.1:14.40,2001,2004,985
Other mining and quarrying n.e.c,14.50,C,CB,1024,Other mining and quarrying n.e.c,NACE_1.1:14.50,2001,2004,985
Manufacture of food products and beverages,15.00,D,DA,1025,Manufacture of food products and beverages,NACE_1.1:15.00,2001,2004,986
"Production, processing and preserving of meat and meat products",15.10,D,DA,1026,"Production, processing and preserving of meat and meat products",NACE_1.1:15.10,2001,2004,986
Production and preserving of meat,15.11,D,DA,1027,Production and preserving of meat,NACE_1.1:15.11,2001,2004,986
Production and preserving of poultry meat,15.12,D,DA,1028,Production and preserving of poultry meat,NACE_1.1:15.12,2001,2004,986
Production of meat and poultry meat products,15.13,D,DA,1029,Production of meat and poultry meat products,NACE_1.1:15.13,2001,2004,986
Processing and preserving of fish and fish products,15.20,D,DA,1030,Processing and preserving of fish and fish products,NACE_1.1:15.20,2001,2004,986
Processing and preserving of fruit and vegetables,15.30,D,DA,1031,Processing and preserving of fruit and vegetables,NACE_1.1:15.30,2001,2004,986
Processing and preserving of potatoes,15.31,D,DA,1032,Processing and preserving of potatoes,NACE_1.1:15.31,2001,2004,986
Manufacture of fruit and vegetable juice,15.32,D,DA,1033,Manufacture of fruit and vegetable juice,NACE_1.1:15.32,2001,2004,986
Processing and preserving of fruit and vegetables n.e.c,15.33,D,DA,1034,Processing and preserving of fruit and vegetables n.e.c,NACE_1.1:15.33,2001,2004,986
Manufacture of vegetable and animal oils and fats,15.40,D,DA,1035,Manufacture of vegetable and animal oils and fats,NACE_1.1:15.40,2001,2004,986
Manufacture of crude oils and fats,15.41,D,DA,1036,Manufacture of crude oils and fats,NACE_1.1:15.41,2001,2004,986
Manufacture of refined oils and fats,15.42,D,DA,1037,Manufacture of refined oils and fats,NACE_1.1:15.42,2001,2004,986
Manufacture of margarine and similar edible fats,15.43,D,DA,1038,Manufacture of margarine and similar edible fats,NACE_1.1:15.43,2001,2004,986
Manufacture of dairy products,15.50,D,DA,1039,Manufacture of dairy products,NACE_1.1:15.50,2001,2004,986
Operation of dairies and cheese making,15.51,D,DA,1040,Operation of dairies and cheese making,NACE_1.1:15.51,2001,2004,986
Manufacture of ice cream,15.52,D,DA,1041,Manufacture of ice cream,NACE_1.1:15.52,2001,2004,986
"Manufacture of grain mill products, starches and starch products",15.60,D,DA,1042,"Manufacture of grain mill products, starches and starch products",NACE_1.1:15.60,2001,2004,986
Manufacture of grain mill products,15.61,D,DA,1043,Manufacture of grain mill products,NACE_1.1:15.61,2001,2004,986
Manufacture of starches and starch products,15.62,D,DA,1044,Manufacture of starches and starch products,NACE_1.1:15.62,2001,2004,986
Manufacture of prepared animal feeds,15.70,D,DA,1045,Manufacture of prepared animal feeds,NACE_1.1:15.70,2001,2004,986
Manufacture of prepared feeds for farm animals,15.71,D,DA,1046,Manufacture of prepared feeds for farm animals,NACE_1.1:15.71,2001,2004,986
Manufacture of prepared pet foods,15.72,D,DA,1047,Manufacture of prepared pet foods,NACE_1.1:15.72,2001,2004,986
Manufacture of other food products,15.80,D,DA,1048,Manufacture of other food products,NACE_1.1:15.80,2001,2004,986
Manufacture of bread; manufacture of fresh pastry goods and cakes,15.81,D,DA,1049,Manufacture of bread; manufacture of fresh pastry goods and cakes,NACE_1.1:15.81,2001,2004,986
Manufacture of rusks and biscuits and of preserved pastry goods and cakes,15.82,D,DA,1050,Manufacture of rusks and biscuits and of preserved pastry goods and cakes,NACE_1.1:15.82,2001,2004,986
Manufacture of sugar,15.83,D,DA,1051,Manufacture of sugar,NACE_1.1:15.83,2001,2004,986
Manufacture of cocoa; chocolate and sugar confectionery,15.84,D,DA,1052,Manufacture of cocoa; chocolate and sugar confectionery,NACE_1.1:15.84,2001,2004,986
"Manufacture of macaroni, noodles, couscous and similar farinaceous products",15.85,D,DA,1053,"Manufacture of macaroni, noodles, couscous and similar farinaceous products",NACE_1.1:15.85,2001,2004,986
Processing of tea and coffee,15.86,D,DA,1054,Processing of tea and coffee,NACE_1.1:15.86,2001,2004,986
Manufacture of condiments and seasonings,15.87,D,DA,1055,Manufacture of condiments and seasonings,NACE_1.1:15.87,2001,2004,986
Manufacture of homogenised food preparations and dietetic food,15.88,D,DA,1056,Manufacture of homogenised food preparations and dietetic food,NACE_1.1:15.88,2001,2004,986
Manufacture of other food products n.e.c,15.89,D,DA,1057,Manufacture of other food products n.e.c,NACE_1.1:15.89,2001,2004,986
Manufacture of beverages,15.90,D,DA,1058,Manufacture of beverages,NACE_1.1:15.90,2001,2004,986
Manufacture of distilled potable alcoholic beverages,15.91,D,DA,1059,Manufacture of distilled potable alcoholic beverages,NACE_1.1:15.91,2001,2004,986
Production of ethyl alcohol from fermented materials,15.92,D,DA,1060,Production of ethyl alcohol from fermented materials,NACE_1.1:15.92,2001,2004,986
Manufacture of wines,15.93,D,DA,1061,Manufacture of wines,NACE_1.1:15.93,2001,2004,986
Manufacture of cider and other fruit wines,15.94,D,DA,1062,Manufacture of cider and other fruit wines,NACE_1.1:15.94,2001,2004,986
Manufacture of other non-distilled fermented beverages,15.95,D,DA,1063,Manufacture of other non-distilled fermented beverages,NACE_1.1:15.95,2001,2004,986
Manufacture of beer,15.96,D,DA,1064,Manufacture of beer,NACE_1.1:15.96,2001,2004,986
Manufacture of malt,15.97,D,DA,1065,Manufacture of malt,NACE_1.1:15.97,2001,2004,986
Production of mineral waters and soft drinks,15.98,D,DA,1066,Production of mineral waters and soft drinks,NACE_1.1:15.98,2001,2004,986
Manufacture of tobacco products,16.00,D,DA,1067,Manufacture of tobacco products,NACE_1.1:16.00,2001,2004,986
Manufacture of textiles,17.00,D,DB,1068,Manufacture of textiles,NACE_1.1:17.00,2001,2004,987
Preparation and spinning of textile fibres,17.10,D,DB,1069,Preparation and spinning of textile fibres,NACE_1.1:17.10,2001,2004,987
Preparation and spinning of cotton-type fibres,17.11,D,DB,1070,Preparation and spinning of cotton-type fibres,NACE_1.1:17.11,2001,2004,987
Preparation and spinning of woollen-type fibres,17.12,D,DB,1071,Preparation and spinning of woollen-type fibres,NACE_1.1:17.12,2001,2004,987
Preparation and spinning of worsted-type fibres,17.13,D,DB,1072,Preparation and spinning of worsted-type fibres,NACE_1.1:17.13,2001,2004,987
Preparation and spinning of flax-type fibres,17.14,D,DB,1073,Preparation and spinning of flax-type fibres,NACE_1.1:17.14,2001,2004,987
Throwing and preparation of silk including from noils and throwing and ....,17.15,D,DB,1074,Throwing and preparation of silk including from noils and throwing and ....,NACE_1.1:17.15,2001,2004,987
Manufacture of sewing threads,17.16,D,DB,1075,Manufacture of sewing threads,NACE_1.1:17.16,2001,2004,987
Preparation and spinning of other textile fibres,17.17,D,DB,1076,Preparation and spinning of other textile fibres,NACE_1.1:17.17,2001,2004,987
Textile weaving,17.20,D,DB,1077,Textile weaving,NACE_1.1:17.20,2001,2004,987
Cotton-type weaving,17.21,D,DB,1078,Cotton-type weaving,NACE_1.1:17.21,2001,2004,987
Woollen-type weaving,17.22,D,DB,1079,Woollen-type weaving,NACE_1.1:17.22,2001,2004,987
Worsted-type weaving,17.23,D,DB,1080,Worsted-type weaving,NACE_1.1:17.23,2001,2004,987
Silk-type weaving,17.24,D,DB,1081,Silk-type weaving,NACE_1.1:17.24,2001,2004,987
Other textile weaving,17.25,D,DB,1082,Other textile weaving,NACE_1.1:17.25,2001,2004,987
Finishing of textiles,17.30,D,DB,1083,Finishing of textiles,NACE_1.1:17.30,2001,2004,987
"Manufacture of made-up textile articles, except apparel",17.40,D,DB,1084,"Manufacture of made-up textile articles, except apparel",NACE_1.1:17.40,2001,2004,987
Manufacture of other textiles,17.50,D,DB,1085,Manufacture of other textiles,NACE_1.1:17.50,2001,2004,987
Manufacture of carpets and rugs,17.51,D,DB,1086,Manufacture of carpets and rugs,NACE_1.1:17.51,2001,2004,987
"Manufacture of cordage, rope, twine and netting",17.52,D,DB,1087,"Manufacture of cordage, rope, twine and netting",NACE_1.1:17.52,2001,2004,987
"Manufacture of nonwovens and articles made from nonwovens, except apparel",17.53,D,DB,1088,"Manufacture of nonwovens and articles made from nonwovens, except apparel",NACE_1.1:17.53,2001,2004,987
Manufacture of other textiles n.e.c,17.54,D,DB,1089,Manufacture of other textiles n.e.c,NACE_1.1:17.54,2001,2004,987
Manufacture of knitted and crocheted fabrics,17.60,D,DB,1090,Manufacture of knitted and crocheted fabrics,NACE_1.1:17.60,2001,2004,987
Manufacture of knitted and crocheted articles,17.70,D,DB,1091,Manufacture of knitted and crocheted articles,NACE_1.1:17.70,2001,2004,987
Manufacture of knitted and crocheted hosiery,17.71,D,DB,1092,Manufacture of knitted and crocheted hosiery,NACE_1.1:17.71,2001,2004,987
"Manufacture of knitted and crocheted pullovers, cardigans and similar art.",17.72,D,DB,1093,"Manufacture of knitted and crocheted pullovers, cardigans and similar art.",NACE_1.1:17.72,2001,2004,987
Manufacture of knitted and crocheted outerwear,17.73,D,DB,1094,Manufacture of knitted and crocheted outerwear,NACE_1.1:17.73,2001,2004,987
Manufacture of knitted and crocheted underwear,17.74,D,DB,1095,Manufacture of knitted and crocheted underwear,NACE_1.1:17.74,2001,2004,987
Manufacture of other knitted and crocheted articles and accessories,17.75,D,DB,1096,Manufacture of other knitted and crocheted articles and accessories,NACE_1.1:17.75,2001,2004,987
Manufacture of wearing apparel; dressing and dyeing of fur,18.00,D,DB,1097,Manufacture of wearing apparel; dressing and dyeing of fur,NACE_1.1:18.00,2001,2004,987
Manufacture of leather clothes,18.10,D,DB,1098,Manufacture of leather clothes,NACE_1.1:18.10,2001,2004,987
Manufacture of other wearing apparel and accessories,18.20,D,DB,1099,Manufacture of other wearing apparel and accessories,NACE_1.1:18.20,2001,2004,987
Manufacture of workwear,18.21,D,DB,1100,Manufacture of workwear,NACE_1.1:18.21,2001,2004,987
Manufacture of other outerwear,18.22,D,DB,1101,Manufacture of other outerwear,NACE_1.1:18.22,2001,2004,987
Manufacture of underwear,18.23,D,DB,1102,Manufacture of underwear,NACE_1.1:18.23,2001,2004,987
Manufacture of other wearing apparel and accessories n.e.c,18.24,D,DB,1103,Manufacture of other wearing apparel and accessories n.e.c,NACE_1.1:18.24,2001,2004,987
Dressing and dyeing of fur; manufacture of articles of fur,18.30,D,DB,1104,Dressing and dyeing of fur; manufacture of articles of fur,NACE_1.1:18.30,2001,2004,987
"Tanning & dressing of leather; manufacture of luggage, handbags, saddlery..",19.00,D,DC,1105,"Tanning & dressing of leather; manufacture of luggage, handbags, saddlery..",NACE_1.1:19.00,2001,2004,988
Tanning and dressing of leather,19.10,D,DC,1106,Tanning and dressing of leather,NACE_1.1:19.10,2001,2004,988
"Manufacture of luggage, handbags and the like, saddlery and harness",19.20,D,DC,1107,"Manufacture of luggage, handbags and the like, saddlery and harness",NACE_1.1:19.20,2001,2004,988
Manufacture of footwear,19.30,D,DC,1108,Manufacture of footwear,NACE_1.1:19.30,2001,2004,988
Manufacture of wood & of products of wood & cork and of straw & plaiting...,20.00,D,DD,1109,Manufacture of wood & of products of wood & cork and of straw & plaiting...,NACE_1.1:20.00,2001,2004,989
"Sawmilling and planing of wood, impregnation of wood",20.10,D,DD,1110,"Sawmilling and planing of wood, impregnation of wood",NACE_1.1:20.10,2001,2004,989
Manufacture of veneer sheets and of plywood and other panels & boards,20.20,D,DD,1111,Manufacture of veneer sheets and of plywood and other panels & boards,NACE_1.1:20.20,2001,2004,989
Manufacture of builders' carpentry and joinery,20.30,D,DD,1112,Manufacture of builders' carpentry and joinery,NACE_1.1:20.30,2001,2004,989
Manufacture of wooden containers,20.40,D,DD,1113,Manufacture of wooden containers,NACE_1.1:20.40,2001,2004,989
"Manufacture of other products of wood, of cork, straw & plaiting materials",20.50,D,DD,1114,"Manufacture of other products of wood, of cork, straw & plaiting materials",NACE_1.1:20.50,2001,2004,989
Manufacture of other products of wood,20.51,D,DD,1115,Manufacture of other products of wood,NACE_1.1:20.51,2001,2004,989
"Manufacture of articles of cork, straw and plaiting materials",20.52,D,DD,1116,"Manufacture of articles of cork, straw and plaiting materials",NACE_1.1:20.52,2001,2004,989
"Manufacture of pulp, paper and paper products",21.00,D,DE,1117,"Manufacture of pulp, paper and paper products",NACE_1.1:21.00,2001,2004,990
"Manufacture of pulp, paper and paperboard",21.10,D,DE,1118,"Manufacture of pulp, paper and paperboard",NACE_1.1:21.10,2001,2004,990
Manufacture of pulp,21.11,D,DE,1119,Manufacture of pulp,NACE_1.1:21.11,2001,2004,990
Manufacture of paper and paperboard,21.12,D,DE,1120,Manufacture of paper and paperboard,NACE_1.1:21.12,2001,2004,990
Manufacture of articles of paper and paperboard,21.20,D,DE,1121,Manufacture of articles of paper and paperboard,NACE_1.1:21.20,2001,2004,990
Manufacture of corrugated paper(board) and of containers of paper(board),21.21,D,DE,1122,Manufacture of corrugated paper(board) and of containers of paper(board),NACE_1.1:21.21,2001,2004,990
Manufacture of household & sanitary goods and of toilet requisites,21.22,D,DE,1123,Manufacture of household & sanitary goods and of toilet requisites,NACE_1.1:21.22,2001,2004,990
Manufacture of paper stationery,21.23,D,DE,1124,Manufacture of paper stationery,NACE_1.1:21.23,2001,2004,990
Manufacture of wallpaper,21.24,D,DE,1125,Manufacture of wallpaper,NACE_1.1:21.24,2001,2004,990
Manufacture of other articles of paper and paperboard n.e.c,21.25,D,DE,1126,Manufacture of other articles of paper and paperboard n.e.c,NACE_1.1:21.25,2001,2004,990
"Publishing, printing and reproduction of recorded media",22.00,D,DE,1127,"Publishing, printing and reproduction of recorded media",NACE_1.1:22.00,2001,2004,990
Publishing,22.10,D,DE,1128,Publishing,NACE_1.1:22.10,2001,2004,990
Publishing of books,22.11,D,DE,1129,Publishing of books,NACE_1.1:22.11,2001,2004,990
Publishing of newspapers,22.12,D,DE,1130,Publishing of newspapers,NACE_1.1:22.12,2001,2004,990
Publishing of journals and periodicals,22.13,D,DE,1131,Publishing of journals and periodicals,NACE_1.1:22.13,2001,2004,990
Publishing of sound recordings,22.14,D,DE,1132,Publishing of sound recordings,NACE_1.1:22.14,2001,2004,990
Other publishing,22.15,D,DE,1133,Other publishing,NACE_1.1:22.15,2001,2004,990
Printing and service activities related to printing,22.20,D,DE,1134,Printing and service activities related to printing,NACE_1.1:22.20,2001,2004,990
Printing of newspapers,22.21,D,DE,1135,Printing of newspapers,NACE_1.1:22.21,2001,2004,990
Printing n.e.c,22.22,D,DE,1136,Printing n.e.c,NACE_1.1:22.22,2001,2004,990
Bookbinding and finishing,22.23,D,DE,1137,Bookbinding and finishing,NACE_1.1:22.23,2001,2004,990
Composition and plate-making,22.24,D,DE,1138,Composition and plate-making,NACE_1.1:22.24,2001,2004,990
Other activities related to printing,22.25,D,DE,1139,Other activities related to printing,NACE_1.1:22.25,2001,2004,990
Reproduction of recorded media,22.30,D,DE,1140,Reproduction of recorded media,NACE_1.1:22.30,2001,2004,990
Reproduction of sound recording,22.31,D,DE,1141,Reproduction of sound recording,NACE_1.1:22.31,2001,2004,990
Reproduction of video recording,22.32,D,DE,1142,Reproduction of video recording,NACE_1.1:22.32,2001,2004,990
Reproduction of computer media,22.33,D,DE,1143,Reproduction of computer media,NACE_1.1:22.33,2001,2004,990
"Manufacture of coke, refined petroleum products and nuclear fuel",23.00,D,DF,1144,"Manufacture of coke, refined petroleum products and nuclear fuel",NACE_1.1:23.00,2001,2004,991
Manufacture of coke oven products,23.10,D,DF,1145,Manufacture of coke oven products,NACE_1.1:23.10,2001,2004,991
Manufacture of refined petroleum products,23.20,D,DF,1146,Manufacture of refined petroleum products,NACE_1.1:23.20,2001,2004,991
Processing of nuclear fuel,23.30,D,DF,1147,Processing of nuclear fuel,NACE_1.1:23.30,2001,2004,991
"Manufacture of chemicals, and chemical products",24.00,D,DG,1148,"Manufacture of chemicals, and chemical products",NACE_1.1:24.00,2001,2004,994
Manufacture of basic chemicals,24.10,D,DG,1149,Manufacture of basic chemicals,NACE_1.1:24.10,2001,2004,994
Manufacture of industrial gases,24.11,D,DG,1150,Manufacture of industrial gases,NACE_1.1:24.11,2001,2004,994
Manufacture of dyes and pigments,24.12,D,DG,1151,Manufacture of dyes and pigments,NACE_1.1:24.12,2001,2004,994
Manufacture of other inorganic basic chemicals,24.13,D,DG,1152,Manufacture of other inorganic basic chemicals,NACE_1.1:24.13,2001,2004,994
Manufacture of other organic basic chemicals,24.14,D,DG,1153,Manufacture of other organic basic chemicals,NACE_1.1:24.14,2001,2004,994
Manufacture of fertilisers and nitrogen compounds,24.15,D,DG,1154,Manufacture of fertilisers and nitrogen compounds,NACE_1.1:24.15,2001,2004,994
Manufacture of plastics in primary forms,24.16,D,DG,1155,Manufacture of plastics in primary forms,NACE_1.1:24.16,2001,2004,994
Manufacture of synthetic rubber in primary forms,24.17,D,DG,1156,Manufacture of synthetic rubber in primary forms,NACE_1.1:24.17,2001,2004,994
Manufacture of pesticides and other agro-chemical products,24.20,D,DG,1157,Manufacture of pesticides and other agro-chemical products,NACE_1.1:24.20,2001,2004,994
"Manufacture of paints, varnishes & similar coatings, printing ink & mastics",24.30,D,DG,1158,"Manufacture of paints, varnishes & similar coatings, printing ink & mastics",NACE_1.1:24.30,2001,2004,994
"Manufacture of pharmaceuticals, medicinal chemicals and botanical products",24.40,D,DG,1159,"Manufacture of pharmaceuticals, medicinal chemicals and botanical products",NACE_1.1:24.40,2001,2004,994
Manufacture of basic pharmaceutical products,24.41,D,DG,1160,Manufacture of basic pharmaceutical products,NACE_1.1:24.41,2001,2004,994
Manufacture of pharmaceutical preparations,24.42,D,DG,1161,Manufacture of pharmaceutical preparations,NACE_1.1:24.42,2001,2004,994
"Manuf. of soap, detergents & perfumes; toilet, cleaning & polishing prepar.",24.50,D,DG,1162,"Manuf. of soap, detergents & perfumes; toilet, cleaning & polishing prepar.",NACE_1.1:24.50,2001,2004,994
"Manufacture of soap and detergents, cleaning and polishing preparations",24.51,D,DG,1163,"Manufacture of soap and detergents, cleaning and polishing preparations",NACE_1.1:24.51,2001,2004,994
Manufacture of perfumes and toilet preparations,24.52,D,DG,1164,Manufacture of perfumes and toilet preparations,NACE_1.1:24.52,2001,2004,994
Manufacture of other chemical products,24.60,D,DG,1165,Manufacture of other chemical products,NACE_1.1:24.60,2001,2004,994
Manufacture of explosives,24.61,D,DG,1166,Manufacture of explosives,NACE_1.1:24.61,2001,2004,994
Manufacture of glues and gelatines,24.62,D,DG,1167,Manufacture of glues and gelatines,NACE_1.1:24.62,2001,2004,994
Manufacture of essential oils,24.63,D,DG,1168,Manufacture of essential oils,NACE_1.1:24.63,2001,2004,994
Manufacture of photographic chemical material,24.64,D,DG,1169,Manufacture of photographic chemical material,NACE_1.1:24.64,2001,2004,994
Manufacture of prepared unrecorded media,24.65,D,DG,1170,Manufacture of prepared unrecorded media,NACE_1.1:24.65,2001,2004,994
Manufacture of other chemical products n.e.c,24.66,D,DG,1171,Manufacture of other chemical products n.e.c,NACE_1.1:24.66,2001,2004,994
Manufacture of man-made fibres,24.70,D,DG,1172,Manufacture of man-made fibres,NACE_1.1:24.70,2001,2004,994
Manufacture of rubber and plastic products,25.00,D,DH,1173,Manufacture of rubber and plastic products,NACE_1.1:25.00,2001,2004,995
Manufacture of rubber products,25.10,D,DH,1174,Manufacture of rubber products,NACE_1.1:25.10,2001,2004,995
Manufacture of rubber tyres and tubes,25.11,D,DH,1175,Manufacture of rubber tyres and tubes,NACE_1.1:25.11,2001,2004,995
Retreading and rebuilding of rubber tyres,25.12,D,DH,1176,Retreading and rebuilding of rubber tyres,NACE_1.1:25.12,2001,2004,995
Manufacture of other rubber products,25.13,D,DH,1177,Manufacture of other rubber products,NACE_1.1:25.13,2001,2004,995
Manufacture of plastic products,25.20,D,DH,1178,Manufacture of plastic products,NACE_1.1:25.20,2001,2004,995
"Manufacture of plastic plates, sheets, tubes and profiles",25.21,D,DH,1179,"Manufacture of plastic plates, sheets, tubes and profiles",NACE_1.1:25.21,2001,2004,995
Manufacture of plastic packing goods,25.22,D,DH,1180,Manufacture of plastic packing goods,NACE_1.1:25.22,2001,2004,995
Manufacture of builders' ware of plastic,25.23,D,DH,1181,Manufacture of builders' ware of plastic,NACE_1.1:25.23,2001,2004,995
Manufacture of other plastic products,25.24,D,DH,1182,Manufacture of other plastic products,NACE_1.1:25.24,2001,2004,995
Manufacture of other non-metallic mineral products,26.00,D,DI,1183,Manufacture of other non-metallic mineral products,NACE_1.1:26.00,2001,2004,996
Manufacture of glass and glass products,26.10,D,DI,1184,Manufacture of glass and glass products,NACE_1.1:26.10,2001,2004,996
Manufacture of flat glass,26.11,D,DI,1185,Manufacture of flat glass,NACE_1.1:26.11,2001,2004,996
Shaping and processing of flat glass,26.12,D,DI,1186,Shaping and processing of flat glass,NACE_1.1:26.12,2001,2004,996
Manufacture of hollow glass,26.13,D,DI,1187,Manufacture of hollow glass,NACE_1.1:26.13,2001,2004,996
Manufacture of glass fibres,26.14,D,DI,1188,Manufacture of glass fibres,NACE_1.1:26.14,2001,2004,996
"Manufacture and processing of other glass, incl. technical glassware",26.15,D,DI,1189,"Manufacture and processing of other glass, incl. technical glassware",NACE_1.1:26.15,2001,2004,996
Manuf. of non-refractory ceramic goods other than for construction and of,26.20,D,DI,1190,Manuf. of non-refractory ceramic goods other than for construction and of,NACE_1.1:26.20,2001,2004,996
Manufacture of ceramic household and ornamental articles,26.21,D,DI,1191,Manufacture of ceramic household and ornamental articles,NACE_1.1:26.21,2001,2004,996
Manufacture of ceramic sanitary fixtures,26.22,D,DI,1192,Manufacture of ceramic sanitary fixtures,NACE_1.1:26.22,2001,2004,996
Manufacture of ceramic insulators and insulating fittings,26.23,D,DI,1193,Manufacture of ceramic insulators and insulating fittings,NACE_1.1:26.23,2001,2004,996
Manufacture of other technical ceramic products,26.24,D,DI,1194,Manufacture of other technical ceramic products,NACE_1.1:26.24,2001,2004,996
Manufacture of other ceramic products,26.25,D,DI,1195,Manufacture of other ceramic products,NACE_1.1:26.25,2001,2004,996
Manufacture of refractory ceramic products,26.26,D,DI,1196,Manufacture of refractory ceramic products,NACE_1.1:26.26,2001,2004,996
Manufacture of ceramic tiles and flags,26.30,D,DI,1197,Manufacture of ceramic tiles and flags,NACE_1.1:26.30,2001,2004,996
"Manufacture of bricks, tiles and& construction products, in baked clay",26.40,D,DI,1198,"Manufacture of bricks, tiles and& construction products, in baked clay",NACE_1.1:26.40,2001,2004,996
"Manufacture of cement, lime and plaster",26.50,D,DI,1199,"Manufacture of cement, lime and plaster",NACE_1.1:26.50,2001,2004,996
Manufacture of cement,26.51,D,DI,1200,Manufacture of cement,NACE_1.1:26.51,2001,2004,996
Manufacture of lime,26.52,D,DI,1201,Manufacture of lime,NACE_1.1:26.52,2001,2004,996
Manufacture of plaster,26.53,D,DI,1202,Manufacture of plaster,NACE_1.1:26.53,2001,2004,996
"Manufacture of articles of concrete, plaster and cement",26.60,D,DI,1203,"Manufacture of articles of concrete, plaster and cement",NACE_1.1:26.60,2001,2004,996
Manufacture of concrete products for construction purposes,26.61,D,DI,1204,Manufacture of concrete products for construction purposes,NACE_1.1:26.61,2001,2004,996
Manufacture of plaster products for construction purposes,26.62,D,DI,1205,Manufacture of plaster products for construction purposes,NACE_1.1:26.62,2001,2004,996
Manufacture of ready-mixed concrete,26.63,D,DI,1206,Manufacture of ready-mixed concrete,NACE_1.1:26.63,2001,2004,996
Manufacture of mortars,26.64,D,DI,1207,Manufacture of mortars,NACE_1.1:26.64,2001,2004,996
Manufacture of fibre cement,26.65,D,DI,1208,Manufacture of fibre cement,NACE_1.1:26.65,2001,2004,996
"Manufacture of other articles of concrete, plaster and cement",26.66,D,DI,1209,"Manufacture of other articles of concrete, plaster and cement",NACE_1.1:26.66,2001,2004,996
"Cutting, shaping and finishing of stone",26.70,D,DI,1210,"Cutting, shaping and finishing of stone",NACE_1.1:26.70,2001,2004,996
Manufacture of other non-metallic mineral products,26.80,D,DI,1211,Manufacture of other non-metallic mineral products,NACE_1.1:26.80,2001,2004,996
Production of abrasive products,26.81,D,DI,1212,Production of abrasive products,NACE_1.1:26.81,2001,2004,996
Manufacture of other non-metallic mineral products n.e.c,26.82,D,DI,1213,Manufacture of other non-metallic mineral products n.e.c,NACE_1.1:26.82,2001,2004,996
Manufacture of basic metals,27.00,D,DJ,1214,Manufacture of basic metals,NACE_1.1:27.00,2001,2004,997
Manufacture of basic iron and steel and of ferro-alloys (ECSC)*,27.10,D,DJ,1215,Manufacture of basic iron and steel and of ferro-alloys (ECSC)*,NACE_1.1:27.10,2001,2004,997
Manufacture of tubes,27.20,D,DJ,1216,Manufacture of tubes,NACE_1.1:27.20,2001,2004,997
Manufacture of cast iron tubes,27.21,D,DJ,1217,Manufacture of cast iron tubes,NACE_1.1:27.21,2001,2004,997
Manufacture of steel tubes,27.22,D,DJ,1218,Manufacture of steel tubes,NACE_1.1:27.22,2001,2004,997
Other first processing of iron & steel & prod. of non-ECSC* ferro,27.30,D,DJ,1219,Other first processing of iron & steel & prod. of non-ECSC* ferro,NACE_1.1:27.30,2001,2004,997
Cold drawing,27.31,D,DJ,1220,Cold drawing,NACE_1.1:27.31,2001,2004,997
Cold rolling of narrow strips,27.32,D,DJ,1221,Cold rolling of narrow strips,NACE_1.1:27.32,2001,2004,997
Cold forming or folding,27.33,D,DJ,1222,Cold forming or folding,NACE_1.1:27.33,2001,2004,997
Wire drawing,27.34,D,DJ,1223,Wire drawing,NACE_1.1:27.34,2001,2004,997
Other first processing of iron & steel; prod. of non-ECSC* ferro,27.35,D,DJ,1224,Other first processing of iron & steel; prod. of non-ECSC* ferro,NACE_1.1:27.35,2001,2004,997
Manufacture of basic precious and non-ferrous metals,27.40,D,DJ,1225,Manufacture of basic precious and non-ferrous metals,NACE_1.1:27.40,2001,2004,997
Precious metals production,27.41,D,DJ,1226,Precious metals production,NACE_1.1:27.41,2001,2004,997
Aluminium production,27.42,D,DJ,1227,Aluminium production,NACE_1.1:27.42,2001,2004,997
"Lead, zinc and tin production",27.43,D,DJ,1228,"Lead, zinc and tin production",NACE_1.1:27.43,2001,2004,997
Copper production,27.44,D,DJ,1229,Copper production,NACE_1.1:27.44,2001,2004,997
Other non-ferrous metal production,27.45,D,DJ,1230,Other non-ferrous metal production,NACE_1.1:27.45,2001,2004,997
Casting of metals,27.50,D,DJ,1231,Casting of metals,NACE_1.1:27.50,2001,2004,997
Casting of iron,27.51,D,DJ,1232,Casting of iron,NACE_1.1:27.51,2001,2004,997
Casting of steel,27.52,D,DJ,1233,Casting of steel,NACE_1.1:27.52,2001,2004,997
Casting of light metals,27.53,D,DJ,1234,Casting of light metals,NACE_1.1:27.53,2001,2004,997
Casting of other non-ferrous metals,27.54,D,DJ,1235,Casting of other non-ferrous metals,NACE_1.1:27.54,2001,2004,997
"Manufacture of fabricated metal products, except machinery and equipment",28.00,D,DJ,1236,"Manufacture of fabricated metal products, except machinery and equipment",NACE_1.1:28.00,2001,2004,997
Manufacture of structural metal products,28.10,D,DJ,1237,Manufacture of structural metal products,NACE_1.1:28.10,2001,2004,997
Manufacture of metal structures and parts of structures,28.11,D,DJ,1238,Manufacture of metal structures and parts of structures,NACE_1.1:28.11,2001,2004,997
Manufacture of builders' carpentry and joinery of metal,28.12,D,DJ,1239,Manufacture of builders' carpentry and joinery of metal,NACE_1.1:28.12,2001,2004,997
"Manufacture of tanks, reservoirs & containers of metal & central heating...",28.20,D,DJ,1240,"Manufacture of tanks, reservoirs & containers of metal & central heating...",NACE_1.1:28.20,2001,2004,997
"Manufacture of tanks, reservoirs and containers of metal",28.21,D,DJ,1241,"Manufacture of tanks, reservoirs and containers of metal",NACE_1.1:28.21,2001,2004,997
Manufacture of central heating radiators and boilers,28.22,D,DJ,1242,Manufacture of central heating radiators and boilers,NACE_1.1:28.22,2001,2004,997
"Manufacture of steam generators, except central heating hot water boilers",28.30,D,DJ,1243,"Manufacture of steam generators, except central heating hot water boilers",NACE_1.1:28.30,2001,2004,997
"Forging, pressing, stamping and roll forming of metal; powder metallurgy",28.40,D,DJ,1244,"Forging, pressing, stamping and roll forming of metal; powder metallurgy",NACE_1.1:28.40,2001,2004,997
Treatment and coating of metals; general mechanical engineering,28.50,D,DJ,1245,Treatment and coating of metals; general mechanical engineering,NACE_1.1:28.50,2001,2004,997
Treatment and coating of metals,28.51,D,DJ,1246,Treatment and coating of metals,NACE_1.1:28.51,2001,2004,997
General mechanical engineering,28.52,D,DJ,1247,General mechanical engineering,NACE_1.1:28.52,2001,2004,997
"Manufacture of cutlery, tools and general hardware",28.60,D,DJ,1248,"Manufacture of cutlery, tools and general hardware",NACE_1.1:28.60,2001,2004,997
Manufacture of cutlery,28.61,D,DJ,1249,Manufacture of cutlery,NACE_1.1:28.61,2001,2004,997
Manufacture of tools,28.62,D,DJ,1250,Manufacture of tools,NACE_1.1:28.62,2001,2004,997
Manufacture of locks and hinges,28.63,D,DJ,1251,Manufacture of locks and hinges,NACE_1.1:28.63,2001,2004,997
Manufacture of other fabricated metal products,28.70,D,DJ,1252,Manufacture of other fabricated metal products,NACE_1.1:28.70,2001,2004,997
Manufacture of steel drums and similar containers,28.71,D,DJ,1253,Manufacture of steel drums and similar containers,NACE_1.1:28.71,2001,2004,997
Manufacture of light metal packaging,28.72,D,DJ,1254,Manufacture of light metal packaging,NACE_1.1:28.72,2001,2004,997
Manufacture of wire products,28.73,D,DJ,1255,Manufacture of wire products,NACE_1.1:28.73,2001,2004,997
"Manufacture of fasteners, screw machine products, chain and springs",28.74,D,DJ,1256,"Manufacture of fasteners, screw machine products, chain and springs",NACE_1.1:28.74,2001,2004,997
"Manufacture of other fabricated metal products, n.e.c",28.75,D,DJ,1257,"Manufacture of other fabricated metal products, n.e.c",NACE_1.1:28.75,2001,2004,997
Manufacture of machinery and equipment n.e.c,29.00,D,DK,1258,Manufacture of machinery and equipment n.e.c,NACE_1.1:29.00,2001,2004,998
"Manufacture of machinery for the production & use of mechanical power, exc.",29.10,D,DK,1259,"Manufacture of machinery for the production & use of mechanical power, exc.",NACE_1.1:29.10,2001,2004,998
"Manufacture of engines and turbines, except aircraft, vehicle & cycle eng.",29.11,D,DK,1260,"Manufacture of engines and turbines, except aircraft, vehicle & cycle eng.",NACE_1.1:29.11,2001,2004,998
Manufacture of pumps and compressors,29.12,D,DK,1261,Manufacture of pumps and compressors,NACE_1.1:29.12,2001,2004,998
Manufacture of taps and valves,29.13,D,DK,1262,Manufacture of taps and valves,NACE_1.1:29.13,2001,2004,998
"Manufacture of bearings, gears, gearing and driving elements",29.14,D,DK,1263,"Manufacture of bearings, gears, gearing and driving elements",NACE_1.1:29.14,2001,2004,998
Manufacture of other general purpose machinery,29.20,D,DK,1264,Manufacture of other general purpose machinery,NACE_1.1:29.20,2001,2004,998
Manufacture of furnaces and furnace burners,29.21,D,DK,1265,Manufacture of furnaces and furnace burners,NACE_1.1:29.21,2001,2004,998
Manufacture of lifting and handling equipment,29.22,D,DK,1266,Manufacture of lifting and handling equipment,NACE_1.1:29.22,2001,2004,998
Manufacture of non-domestic cooling and ventilation equipment,29.23,D,DK,1267,Manufacture of non-domestic cooling and ventilation equipment,NACE_1.1:29.23,2001,2004,998
Manufacture of other general purpose machinery n.e.c,29.24,D,DK,1268,Manufacture of other general purpose machinery n.e.c,NACE_1.1:29.24,2001,2004,998
Manufacture of agricultural and forestry machinery,29.30,D,DK,1269,Manufacture of agricultural and forestry machinery,NACE_1.1:29.30,2001,2004,998
Manufacture of agricultural tractors,29.31,D,DK,1270,Manufacture of agricultural tractors,NACE_1.1:29.31,2001,2004,998
Manufacture of other agricultural and forestry machinery,29.32,D,DK,1271,Manufacture of other agricultural and forestry machinery,NACE_1.1:29.32,2001,2004,998
Manufacture of machine- tools,29.40,D,DK,1272,Manufacture of machine- tools,NACE_1.1:29.40,2001,2004,998
Manufacture of other special purpose machinery,29.50,D,DK,1273,Manufacture of other special purpose machinery,NACE_1.1:29.50,2001,2004,998
Manufacture of machinery for metallurgy,29.51,D,DK,1274,Manufacture of machinery for metallurgy,NACE_1.1:29.51,2001,2004,998
"Manufacture of machinery for mining, quarrying and construction",29.52,D,DK,1275,"Manufacture of machinery for mining, quarrying and construction",NACE_1.1:29.52,2001,2004,998
"Manufacture of machinery for food, beverage and tobacco processing",29.53,D,DK,1276,"Manufacture of machinery for food, beverage and tobacco processing",NACE_1.1:29.53,2001,2004,998
"Manufacture of machinery for textile, apparel and leather production",29.54,D,DK,1277,"Manufacture of machinery for textile, apparel and leather production",NACE_1.1:29.54,2001,2004,998
Manufacture of machinery for paper and paperboard production,29.55,D,DK,1278,Manufacture of machinery for paper and paperboard production,NACE_1.1:29.55,2001,2004,998
Manufacture of other special purpose machinery n.e.c,29.56,D,DK,1279,Manufacture of other special purpose machinery n.e.c,NACE_1.1:29.56,2001,2004,998
Manufacture of weapons and ammunition,29.60,D,DK,1280,Manufacture of weapons and ammunition,NACE_1.1:29.60,2001,2004,998
Manufacture of domestic appliances n.e.c,29.70,D,DK,1281,Manufacture of domestic appliances n.e.c,NACE_1.1:29.70,2001,2004,998
Manufacture of electric domestic appliances,29.71,D,DK,1282,Manufacture of electric domestic appliances,NACE_1.1:29.71,2001,2004,998
Manufacture of non-electric domestic appliances,29.72,D,DK,1283,Manufacture of non-electric domestic appliances,NACE_1.1:29.72,2001,2004,998
Manufacture of office machinery and computers,30.00,D,DL,1284,Manufacture of office machinery and computers,NACE_1.1:30.00,2001,2004,999
Manufacture of office machinery,30.10,D,DL,1285,Manufacture of office machinery,NACE_1.1:30.10,2001,2004,999
Manufacture of computers and other information processing equipment,30.20,D,DL,1286,Manufacture of computers and other information processing equipment,NACE_1.1:30.20,2001,2004,999
Manufacture of electrical machinery and apparatus n.e.c,31.00,D,DL,1287,Manufacture of electrical machinery and apparatus n.e.c,NACE_1.1:31.00,2001,2004,999
"Manufacture of electric motors, generators and transformers",31.10,D,DL,1288,"Manufacture of electric motors, generators and transformers",NACE_1.1:31.10,2001,2004,999
Manufacture of electricity distribution and control apparatus,31.20,D,DL,1289,Manufacture of electricity distribution and control apparatus,NACE_1.1:31.20,2001,2004,999
Manufacture of insulated wire and cable,31.30,D,DL,1290,Manufacture of insulated wire and cable,NACE_1.1:31.30,2001,2004,999
"Manufacture of accumulators, primary cells and primary batteries",31.40,D,DL,1291,"Manufacture of accumulators, primary cells and primary batteries",NACE_1.1:31.40,2001,2004,999
Manufacture of lighting equipment and electric lamps,31.50,D,DL,1292,Manufacture of lighting equipment and electric lamps,NACE_1.1:31.50,2001,2004,999
Manufacture of electrical equipment n.e.c,31.60,D,DL,1293,Manufacture of electrical equipment n.e.c,NACE_1.1:31.60,2001,2004,999
Manufacture of electrical equipment for engines (F1) & vehicles (F2) n.e.c,31.61,D,DL,1294,Manufacture of electrical equipment for engines (F1) & vehicles (F2) n.e.c,NACE_1.1:31.61,2001,2004,999
Manufacture of other electrical equipment n.e.c,31.62,D,DL,1295,Manufacture of other electrical equipment n.e.c,NACE_1.1:31.62,2001,2004,999
"Manufacture of radio, television and communication equipment and apparatus",32.00,D,DL,1296,"Manufacture of radio, television and communication equipment and apparatus",NACE_1.1:32.00,2001,2004,999
Manufacture of electronic valves & tubes & other electronic components,32.10,D,DL,1297,Manufacture of electronic valves & tubes & other electronic components,NACE_1.1:32.10,2001,2004,999
Manufacture of TV & radio transmitters & apparatus for line telephony &,32.20,D,DL,1298,Manufacture of TV & radio transmitters & apparatus for line telephony &,NACE_1.1:32.20,2001,2004,999
"Manufacture of TV & radio receivers, sound or video recording or ... app.",32.30,D,DL,1299,"Manufacture of TV & radio receivers, sound or video recording or ... app.",NACE_1.1:32.30,2001,2004,999
"Manufacture of medical, precision and optical instruments, watches & clocks",33.00,D,DL,1300,"Manufacture of medical, precision and optical instruments, watches & clocks",NACE_1.1:33.00,2001,2004,999
Manufacture of medical & surgical equipment & orthopaedic appliances,33.10,D,DL,1301,Manufacture of medical & surgical equipment & orthopaedic appliances,NACE_1.1:33.10,2001,2004,999
"Manufacture of instruments & appliances for measuring, checking, testing,..",33.20,D,DL,1302,"Manufacture of instruments & appliances for measuring, checking, testing,..",NACE_1.1:33.20,2001,2004,999
Manufacture of industrial process control equipment,33.30,D,DL,1303,Manufacture of industrial process control equipment,NACE_1.1:33.30,2001,2004,999
Manufacture of optical instruments and photographic equipment,33.40,D,DL,1304,Manufacture of optical instruments and photographic equipment,NACE_1.1:33.40,2001,2004,999
Manufacture of watches and clocks,33.50,D,DL,1305,Manufacture of watches and clocks,NACE_1.1:33.50,2001,2004,999
"Manufacture of motor vehicles, trailers and semi-trailers",34.00,D,DM,1306,"Manufacture of motor vehicles, trailers and semi-trailers",NACE_1.1:34.00,2001,2004,992
Manufacture of motor vehicles,34.10,D,DM,1307,Manufacture of motor vehicles,NACE_1.1:34.10,2001,2004,992
Manufacture of bodies (coachwork) for motor vehicles & of trailers &,34.20,D,DM,1308,Manufacture of bodies (coachwork) for motor vehicles & of trailers &,NACE_1.1:34.20,2001,2004,992
Manufacture of parts & accessories for motor vehicles & their engines,34.30,D,DM,1309,Manufacture of parts & accessories for motor vehicles & their engines,NACE_1.1:34.30,2001,2004,992
Manufacture of other transport equipment,35.00,D,DM,1310,Manufacture of other transport equipment,NACE_1.1:35.00,2001,2004,992
Building and repairing of ships and boats,35.10,D,DM,1311,Building and repairing of ships and boats,NACE_1.1:35.10,2001,2004,992
Building and repairing of ships,35.11,D,DM,1312,Building and repairing of ships,NACE_1.1:35.11,2001,2004,992
Building and repairing of pleasure and sporting boats,35.12,D,DM,1313,Building and repairing of pleasure and sporting boats,NACE_1.1:35.12,2001,2004,992
Manufacture of railway and tramway locomotives and rolling stock,35.20,D,DM,1314,Manufacture of railway and tramway locomotives and rolling stock,NACE_1.1:35.20,2001,2004,992
Manufacture of aircraft and spacecraft,35.30,D,DM,1315,Manufacture of aircraft and spacecraft,NACE_1.1:35.30,2001,2004,992
Manufacture of motorcycles and bicycles,35.40,D,DM,1316,Manufacture of motorcycles and bicycles,NACE_1.1:35.40,2001,2004,992
Manufacture of motorcycles,35.41,D,DM,1317,Manufacture of motorcycles,NACE_1.1:35.41,2001,2004,992
Manufacture of bicycles,35.42,D,DM,1318,Manufacture of bicycles,NACE_1.1:35.42,2001,2004,992
Manufacture of invalid carriages,35.43,D,DM,1319,Manufacture of invalid carriages,NACE_1.1:35.43,2001,2004,992
Manufacture of other transport equipment n.e.c,35.50,D,DM,1320,Manufacture of other transport equipment n.e.c,NACE_1.1:35.50,2001,2004,992
Manufacture of furniture; manufacturing n.e.c,36.00,D,DN,1321,Manufacture of furniture; manufacturing n.e.c,NACE_1.1:36.00,2001,2004,993
Manufacture of furniture,36.10,D,DN,1322,Manufacture of furniture,NACE_1.1:36.10,2001,2004,993
Manufacture of chairs and seats,36.11,D,DN,1323,Manufacture of chairs and seats,NACE_1.1:36.11,2001,2004,993
Manufacture of other office and shop furniture,36.12,D,DN,1324,Manufacture of other office and shop furniture,NACE_1.1:36.12,2001,2004,993
Manufacture of other kitchen furniture,36.13,D,DN,1325,Manufacture of other kitchen furniture,NACE_1.1:36.13,2001,2004,993
Manufacture of other furniture,36.14,D,DN,1326,Manufacture of other furniture,NACE_1.1:36.14,2001,2004,993
Manufacture of mattresses,36.15,D,DN,1327,Manufacture of mattresses,NACE_1.1:36.15,2001,2004,993
Manufacture of jewellery and related articles,36.20,D,DN,1328,Manufacture of jewellery and related articles,NACE_1.1:36.20,2001,2004,993
Striking of coins and medals,36.21,D,DN,1329,Striking of coins and medals,NACE_1.1:36.21,2001,2004,993
Manufacture of jewellery and related articles n.e.c,36.22,D,DN,1330,Manufacture of jewellery and related articles n.e.c,NACE_1.1:36.22,2001,2004,993
Manufacture of musical instruments,36.30,D,DN,1331,Manufacture of musical instruments,NACE_1.1:36.30,2001,2004,993
Manufacture of sports goods,36.40,D,DN,1332,Manufacture of sports goods,NACE_1.1:36.40,2001,2004,993
Manufacture of games and toys,36.50,D,DN,1333,Manufacture of games and toys,NACE_1.1:36.50,2001,2004,993
Miscellaneous manufacturing n.e.c,36.60,D,DN,1334,Miscellaneous manufacturing n.e.c,NACE_1.1:36.60,2001,2004,993
Manufacture of imitation jewellery,36.61,D,DN,1335,Manufacture of imitation jewellery,NACE_1.1:36.61,2001,2004,993
Manufacture of brooms and brushes,36.62,D,DN,1336,Manufacture of brooms and brushes,NACE_1.1:36.62,2001,2004,993
Other manufacturing n.e.c,36.63,D,DN,1337,Other manufacturing n.e.c,NACE_1.1:36.63,2001,2004,993
Recycling,37.00,D,DN,1338,Recycling,NACE_1.1:37.00,2001,2004,993
Recycling of metal waste and scrap,37.10,D,DN,1339,Recycling of metal waste and scrap,NACE_1.1:37.10,2001,2004,993
Recycling of non-metal waste and scrap,37.20,D,DN,1340,Recycling of non-metal waste and scrap,NACE_1.1:37.20,2001,2004,993
"Agriculture, hunting and related service activities",01.00,A,,1341,"Agriculture, hunting and related service activities",NACE_1.1:01.00,2001,2004,969
Growing of crops; market gardening; horticulture,01.10,A,,1342,Growing of crops; market gardening; horticulture,NACE_1.1:01.10,2001,2004,969
Growing of cereals and other crops n.e.c,01.11,A,,1343,Growing of cereals and other crops n.e.c,NACE_1.1:01.11,2001,2004,969
"Growing of vegetables, horticultural specialities and nursery products",01.12,A,,1344,"Growing of vegetables, horticultural specialities and nursery products",NACE_1.1:01.12,2001,2004,969
"Growing of fruit, nuts, beverage and spice crops",01.13,A,,1345,"Growing of fruit, nuts, beverage and spice crops",NACE_1.1:01.13,2001,2004,969
Farming of animals,01.20,A,,1346,Farming of animals,NACE_1.1:01.20,2001,2004,969
"Farming of cattle, dairy farming",01.21,A,,1347,"Farming of cattle, dairy farming",NACE_1.1:01.21,2001,2004,969
"Farming of sheep, goats, horses, asses, mules and hinnies",01.22,A,,1348,"Farming of sheep, goats, horses, asses, mules and hinnies",NACE_1.1:01.22,2001,2004,969
Farming of swine,01.23,A,,1349,Farming of swine,NACE_1.1:01.23,2001,2004,969
Farming of poultry,01.24,A,,1350,Farming of poultry,NACE_1.1:01.24,2001,2004,969
Other farming of animals,01.25,A,,1351,Other farming of animals,NACE_1.1:01.25,2001,2004,969
Growing of crops combined with farming of animals (mixed farming),01.30,A,,1352,Growing of crops combined with farming of animals (mixed farming),NACE_1.1:01.30,2001,2004,969
"Agricultural and animal husbandry service activities, except veterinary act",01.40,A,,1353,"Agricultural and animal husbandry service activities, except veterinary act",NACE_1.1:01.40,2001,2004,969
Agricultural service activities,01.41,A,,1354,Agricultural service activities,NACE_1.1:01.41,2001,2004,969
"Animal husbandry service activities, except veterinary activities",01.42,A,,1355,"Animal husbandry service activities, except veterinary activities",NACE_1.1:01.42,2001,2004,969
"Hunting, trapping and game propagation including related service activities",01.50,A,,1356,"Hunting, trapping and game propagation including related service activities",NACE_1.1:01.50,2001,2004,969
"Forestry, logging and related services activities",02.00,A,,1357,"Forestry, logging and related services activities",NACE_1.1:02.00,2001,2004,969
Forestry and logging,02.10,A,,1358,Forestry and logging,NACE_1.1:02.10,2001,2004,969
Forestry and logging related service activities,02.20,A,,1359,Forestry and logging related service activities,NACE_1.1:02.20,2001,2004,969
"Fishing, operation of fish hatcheries and fish farms + service activities",05.00,B,,1360,"Fishing, operation of fish hatcheries and fish farms + service activities",NACE_1.1:05.00,2001,2004,970
Fishing,05.10,B,,1361,Fishing,NACE_1.1:05.10,2001,2004,970
Operation of fish hatcheries and fish farms,05.20,B,,1362,Operation of fish hatcheries and fish farms,NACE_1.1:05.20,2001,2004,970
Service activities incidental to fishing,05.30,B,,1363,Service activities incidental to fishing,NACE_1.1:05.30,2001,2004,970
"Electricity, gas, steam and hot water supply",40.00,E,,1364,"Electricity, gas, steam and hot water supply",NACE_1.1:40.00,2001,2004,973
Production and distribution of electricity,40.10,E,,1365,Production and distribution of electricity,NACE_1.1:40.10,2001,2004,973
Manufacture of gas; distribution of gaseous fuels through mains,40.20,E,,1366,Manufacture of gas; distribution of gaseous fuels through mains,NACE_1.1:40.20,2001,2004,973
Steam and hot water supply,40.30,E,,1367,Steam and hot water supply,NACE_1.1:40.30,2001,2004,973
"Collection, purification and distribution of water",41.00,E,,1368,"Collection, purification and distribution of water",NACE_1.1:41.00,2001,2004,973
Construction,45.00,F,,1369,Construction,NACE_1.1:45.00,2001,2004,974
Site preparation,45.10,F,,1370,Site preparation,NACE_1.1:45.10,2001,2004,974
Demolition and wrecking of buildings; earth moving,45.11,F,,1371,Demolition and wrecking of buildings; earth moving,NACE_1.1:45.11,2001,2004,974
Test drilling and boring,45.12,F,,1372,Test drilling and boring,NACE_1.1:45.12,2001,2004,974
Building of complete constructions or parts thereof; civil engineering,45.20,F,,1373,Building of complete constructions or parts thereof; civil engineering,NACE_1.1:45.20,2001,2004,974
General construction of buildings and civil engineering works,45.21,F,,1374,General construction of buildings and civil engineering works,NACE_1.1:45.21,2001,2004,974
Erection of roof covering and frames,45.22,F,,1375,Erection of roof covering and frames,NACE_1.1:45.22,2001,2004,974
"Construction of highways, roads, airfields and sport facilities",45.23,F,,1376,"Construction of highways, roads, airfields and sport facilities",NACE_1.1:45.23,2001,2004,974
Construction of water projects,45.24,F,,1377,Construction of water projects,NACE_1.1:45.24,2001,2004,974
Other construction work involving special trades,45.25,F,,1378,Other construction work involving special trades,NACE_1.1:45.25,2001,2004,974
Building installation,45.30,F,,1379,Building installation,NACE_1.1:45.30,2001,2004,974
Installation of electrical wiring and fittings,45.31,F,,1380,Installation of electrical wiring and fittings,NACE_1.1:45.31,2001,2004,974
Insulation work activities,45.32,F,,1381,Insulation work activities,NACE_1.1:45.32,2001,2004,974
Plumbing,45.33,F,,1382,Plumbing,NACE_1.1:45.33,2001,2004,974
Other building installation,45.34,F,,1383,Other building installation,NACE_1.1:45.34,2001,2004,974
Building completion,45.40,F,,1384,Building completion,NACE_1.1:45.40,2001,2004,974
Plastering,45.41,F,,1385,Plastering,NACE_1.1:45.41,2001,2004,974
Joinery installation,45.42,F,,1386,Joinery installation,NACE_1.1:45.42,2001,2004,974
Floor and wall covering,45.43,F,,1387,Floor and wall covering,NACE_1.1:45.43,2001,2004,974
Painting and glazing,45.44,F,,1388,Painting and glazing,NACE_1.1:45.44,2001,2004,974
Other building completion,45.45,F,,1389,Other building completion,NACE_1.1:45.45,2001,2004,974
Renting of construction or demolition equipment with operator,45.50,F,,1390,Renting of construction or demolition equipment with operator,NACE_1.1:45.50,2001,2004,974
"Sale, maintenance & repair of motor vehicles; retail sale of fuel",50.00,G,,1391,"Sale, maintenance & repair of motor vehicles; retail sale of fuel",NACE_1.1:50.00,2001,2004,975
Sale of motor vehicles,50.10,G,,1392,Sale of motor vehicles,NACE_1.1:50.10,2001,2004,975
Maintenance and repair of motor vehicles,50.20,G,,1393,Maintenance and repair of motor vehicles,NACE_1.1:50.20,2001,2004,975
Sale of motor vehicle parts and accessories,50.30,G,,1394,Sale of motor vehicle parts and accessories,NACE_1.1:50.30,2001,2004,975
"Sale, maintenance & repair of motorcycles & related parts & accessories",50.40,G,,1395,"Sale, maintenance & repair of motorcycles & related parts & accessories",NACE_1.1:50.40,2001,2004,975
Retail sale of automotive fuel,50.50,G,,1396,Retail sale of automotive fuel,NACE_1.1:50.50,2001,2004,975
"Wholesale trade & commission trade, except of motor vehicles & motorcycles",51.00,G,,1397,"Wholesale trade & commission trade, except of motor vehicles & motorcycles",NACE_1.1:51.00,2001,2004,975
Wholesale on a fee or contract basis,51.10,G,,1398,Wholesale on a fee or contract basis,NACE_1.1:51.10,2001,2004,975
"Agents involved in sale of agricultural raw materials, live animals, etc.",51.11,G,,1399,"Agents involved in sale of agricultural raw materials, live animals, etc.",NACE_1.1:51.11,2001,2004,975
"Agents involved sale of ores, metals E1, fuels E3 & industrial chemicals E",51.12,G,,1400,"Agents involved sale of ores, metals E1, fuels E3 & industrial chemicals E",NACE_1.1:51.12,2001,2004,975
Agents involved in the sale of timber and building materials,51.13,G,,1401,Agents involved in the sale of timber and building materials,NACE_1.1:51.13,2001,2004,975
"Agents sale of machinery, industrial equipment, ships & aircrafts",51.14,G,,1402,"Agents sale of machinery, industrial equipment, ships & aircrafts",NACE_1.1:51.14,2001,2004,975
"Agents sale of furniture, household goods, hardware and ironmongery",51.15,G,,1403,"Agents sale of furniture, household goods, hardware and ironmongery",NACE_1.1:51.15,2001,2004,975
"Agents involved in the sale of textiles, clothing, footwear & leather goods",51.16,G,,1404,"Agents involved in the sale of textiles, clothing, footwear & leather goods",NACE_1.1:51.16,2001,2004,975
"Agents involved in the sale of food, beverages and tobacco",51.17,G,,1405,"Agents involved in the sale of food, beverages and tobacco",NACE_1.1:51.17,2001,2004,975
Agents specialising in the sale of particular products / ranges of products,51.18,G,,1406,Agents specialising in the sale of particular products / ranges of products,NACE_1.1:51.18,2001,2004,975
Agents involved in the sale of a variety of goods,51.19,G,,1407,Agents involved in the sale of a variety of goods,NACE_1.1:51.19,2001,2004,975
Wholesale of agricultural raw materials and live animals,51.20,G,,1408,Wholesale of agricultural raw materials and live animals,NACE_1.1:51.20,2001,2004,975
"Wholesale of grain, seeds and animal feeds",51.21,G,,1409,"Wholesale of grain, seeds and animal feeds",NACE_1.1:51.21,2001,2004,975
Wholesale of flowers and plants,51.22,G,,1410,Wholesale of flowers and plants,NACE_1.1:51.22,2001,2004,975
Wholesale of live animals,51.23,G,,1411,Wholesale of live animals,NACE_1.1:51.23,2001,2004,975
"Wholesale of hides, skins and leather",51.24,G,,1412,"Wholesale of hides, skins and leather",NACE_1.1:51.24,2001,2004,975
Wholesale of unmanufactured tobacco,51.25,G,,1413,Wholesale of unmanufactured tobacco,NACE_1.1:51.25,2001,2004,975
"Wholesale of food, beverages and tobacco",51.30,G,,1414,"Wholesale of food, beverages and tobacco",NACE_1.1:51.30,2001,2004,975
Wholesale of fruit and vegetables,51.31,G,,1415,Wholesale of fruit and vegetables,NACE_1.1:51.31,2001,2004,975
Wholesale of meat and meat products,51.32,G,,1416,Wholesale of meat and meat products,NACE_1.1:51.32,2001,2004,975
"Wholesale of dairy produce, eggs and edible oils and fats",51.33,G,,1417,"Wholesale of dairy produce, eggs and edible oils and fats",NACE_1.1:51.33,2001,2004,975
Wholesale of alcoholic and other beverages,51.34,G,,1418,Wholesale of alcoholic and other beverages,NACE_1.1:51.34,2001,2004,975
Wholesale of tobacco products,51.35,G,,1419,Wholesale of tobacco products,NACE_1.1:51.35,2001,2004,975
Wholesale of sugar and chocolate and sugar confectionery,51.36,G,,1420,Wholesale of sugar and chocolate and sugar confectionery,NACE_1.1:51.36,2001,2004,975
"Wholesale of coffee, tea, cocoa and spices",51.37,G,,1421,"Wholesale of coffee, tea, cocoa and spices",NACE_1.1:51.37,2001,2004,975
"Wholesale of other food including fish, crustaceans and molluscs",51.38,G,,1422,"Wholesale of other food including fish, crustaceans and molluscs",NACE_1.1:51.38,2001,2004,975
"Non-specialised wholesale of food, beverages and tobacco",51.39,G,,1423,"Non-specialised wholesale of food, beverages and tobacco",NACE_1.1:51.39,2001,2004,975
Wholesale of household goods,51.40,G,,1424,Wholesale of household goods,NACE_1.1:51.40,2001,2004,975
Wholesale of textiles,51.41,G,,1425,Wholesale of textiles,NACE_1.1:51.41,2001,2004,975
Wholesale of clothing and footwear,51.42,G,,1426,Wholesale of clothing and footwear,NACE_1.1:51.42,2001,2004,975
Wholesale of electrical household appliances (F1) & radio &TV goods (C3),51.43,G,,1427,Wholesale of electrical household appliances (F1) & radio &TV goods (C3),NACE_1.1:51.43,2001,2004,975
"Wholesale of china and glassware, wallpaper and cleaning materials",51.44,G,,1428,"Wholesale of china and glassware, wallpaper and cleaning materials",NACE_1.1:51.44,2001,2004,975
Wholesale of perfume and cosmetics,51.45,G,,1429,Wholesale of perfume and cosmetics,NACE_1.1:51.45,2001,2004,975
Wholesale of pharmaceutical goods,51.46,G,,1430,Wholesale of pharmaceutical goods,NACE_1.1:51.46,2001,2004,975
Wholesale of other household goods,51.47,G,,1431,Wholesale of other household goods,NACE_1.1:51.47,2001,2004,975
"Wholesale of non-agricultural intermediate products, waste and scrap",51.50,G,,1432,"Wholesale of non-agricultural intermediate products, waste and scrap",NACE_1.1:51.50,2001,2004,975
"Wholesale of solid, liquid and gaseous fuels and related products",51.51,G,,1433,"Wholesale of solid, liquid and gaseous fuels and related products",NACE_1.1:51.51,2001,2004,975
Wholesale of metals and metal ores,51.52,G,,1434,Wholesale of metals and metal ores,NACE_1.1:51.52,2001,2004,975
"Wholesale of wood, construction materials and sanitary equipment",51.53,G,,1435,"Wholesale of wood, construction materials and sanitary equipment",NACE_1.1:51.53,2001,2004,975
"Wholesale of hardware, plumbing and heating equipment and supplies",51.54,G,,1436,"Wholesale of hardware, plumbing and heating equipment and supplies",NACE_1.1:51.54,2001,2004,975
Wholesale of chemical products,51.55,G,,1437,Wholesale of chemical products,NACE_1.1:51.55,2001,2004,975
Wholesale of other intermediate products,51.56,G,,1438,Wholesale of other intermediate products,NACE_1.1:51.56,2001,2004,975
Wholesale of waste and scrap,51.57,G,,1439,Wholesale of waste and scrap,NACE_1.1:51.57,2001,2004,975
"Wholesale of machinery, equipment and supplies",51.60,G,,1440,"Wholesale of machinery, equipment and supplies",NACE_1.1:51.60,2001,2004,975
Wholesale of machine tools,51.61,G,,1441,Wholesale of machine tools,NACE_1.1:51.61,2001,2004,975
Wholesale of construction machinery,51.62,G,,1442,Wholesale of construction machinery,NACE_1.1:51.62,2001,2004,975
Wholesale of machinery for textile industry & of sewing & knitting machines,51.63,G,,1443,Wholesale of machinery for textile industry & of sewing & knitting machines,NACE_1.1:51.63,2001,2004,975
Wholesale of office machinery and equipment,51.64,G,,1444,Wholesale of office machinery and equipment,NACE_1.1:51.64,2001,2004,975
"Wholesale of other machinery for use in industry, trade and navigation",51.65,G,,1445,"Wholesale of other machinery for use in industry, trade and navigation",NACE_1.1:51.65,2001,2004,975
"Wholesale of agricultural machinery & access. & implements, incl. tractors",51.66,G,,1446,"Wholesale of agricultural machinery & access. & implements, incl. tractors",NACE_1.1:51.66,2001,2004,975
Other wholesale,51.70,G,,1447,Other wholesale,NACE_1.1:51.70,2001,2004,975
"Retail trade, except ...; repair of personal & household goods",52.00,G,,1448,"Retail trade, except ...; repair of personal & household goods",NACE_1.1:52.00,2001,2004,975
Retail sale in non-specialised stores,52.10,G,,1449,Retail sale in non-specialised stores,NACE_1.1:52.10,2001,2004,975
Retail sale: non-specialised stores with food ... or tobacco predominating,52.11,G,,1450,Retail sale: non-specialised stores with food ... or tobacco predominating,NACE_1.1:52.11,2001,2004,975
Other retail sale in non-specialised stores,52.12,G,,1451,Other retail sale in non-specialised stores,NACE_1.1:52.12,2001,2004,975
"Retail sale of food, beverages and tobacco in specialised stores",52.20,G,,1452,"Retail sale of food, beverages and tobacco in specialised stores",NACE_1.1:52.20,2001,2004,975
Retail sale of fruit and vegetables,52.21,G,,1453,Retail sale of fruit and vegetables,NACE_1.1:52.21,2001,2004,975
Retail sale of meat and meat products,52.22,G,,1454,Retail sale of meat and meat products,NACE_1.1:52.22,2001,2004,975
"Retail sale of fish, crustaceans and molluscs",52.23,G,,1455,"Retail sale of fish, crustaceans and molluscs",NACE_1.1:52.23,2001,2004,975
"Retail sale of bread, cakes, flour confectionery and sugar confectionery",52.24,G,,1456,"Retail sale of bread, cakes, flour confectionery and sugar confectionery",NACE_1.1:52.24,2001,2004,975
Retail sale of alcoholic and other beverages,52.25,G,,1457,Retail sale of alcoholic and other beverages,NACE_1.1:52.25,2001,2004,975
Retail sale of tobacco products,52.26,G,,1458,Retail sale of tobacco products,NACE_1.1:52.26,2001,2004,975
"Other retail sale of food, beverages and tobacco in specialised stores",52.27,G,,1459,"Other retail sale of food, beverages and tobacco in specialised stores",NACE_1.1:52.27,2001,2004,975
"Retail sale of pharmaceutical & medical goods, cosmetic & toilet articles",52.30,G,,1460,"Retail sale of pharmaceutical & medical goods, cosmetic & toilet articles",NACE_1.1:52.30,2001,2004,975
Dispensing chemists,52.31,G,,1461,Dispensing chemists,NACE_1.1:52.31,2001,2004,975
Retail sale of medical and orthopaedic goods,52.32,G,,1462,Retail sale of medical and orthopaedic goods,NACE_1.1:52.32,2001,2004,975
Retail sale of cosmetic and toilet articles,52.33,G,,1463,Retail sale of cosmetic and toilet articles,NACE_1.1:52.33,2001,2004,975
Other retail sale of new goods in specialised stores,52.40,G,,1464,Other retail sale of new goods in specialised stores,NACE_1.1:52.40,2001,2004,975
Retail sale of textiles,52.41,G,,1465,Retail sale of textiles,NACE_1.1:52.41,2001,2004,975
Retail sale of clothing,52.42,G,,1466,Retail sale of clothing,NACE_1.1:52.42,2001,2004,975
Retail sale of footwear and leather goods,52.43,G,,1467,Retail sale of footwear and leather goods,NACE_1.1:52.43,2001,2004,975
"Retail sale of furniture, lighting equipment and household articles n.e.c",52.44,G,,1468,"Retail sale of furniture, lighting equipment and household articles n.e.c",NACE_1.1:52.44,2001,2004,975
Retail sale of electrical household appliances (F1) & radio & TV goods (C3),52.45,G,,1469,Retail sale of electrical household appliances (F1) & radio & TV goods (C3),NACE_1.1:52.45,2001,2004,975
"Retail sale of hardware, paints and glass",52.46,G,,1470,"Retail sale of hardware, paints and glass",NACE_1.1:52.46,2001,2004,975
"Retail sale of books, newspapers and stationery",52.47,G,,1471,"Retail sale of books, newspapers and stationery",NACE_1.1:52.47,2001,2004,975
Other retail sale in specialised stores,52.48,G,,1472,Other retail sale in specialised stores,NACE_1.1:52.48,2001,2004,975
Retail sale of second-hand goods in stores,52.50,G,,1473,Retail sale of second-hand goods in stores,NACE_1.1:52.50,2001,2004,975
Retail sale not in stores,52.60,G,,1474,Retail sale not in stores,NACE_1.1:52.60,2001,2004,975
Retail sale via mail order houses,52.61,G,,1475,Retail sale via mail order houses,NACE_1.1:52.61,2001,2004,975
Retail sale via stalls and markets,52.62,G,,1476,Retail sale via stalls and markets,NACE_1.1:52.62,2001,2004,975
Other non-store retail sale,52.63,G,,1477,Other non-store retail sale,NACE_1.1:52.63,2001,2004,975
Repair of personal and household goods,52.70,G,,1478,Repair of personal and household goods,NACE_1.1:52.70,2001,2004,975
"Repair of boots, shoes and other articles of leather",52.71,G,,1479,"Repair of boots, shoes and other articles of leather",NACE_1.1:52.71,2001,2004,975
Repair of electrical household goods,52.72,G,,1480,Repair of electrical household goods,NACE_1.1:52.72,2001,2004,975
"Repair of watches, clocks and jewellery",52.73,G,,1481,"Repair of watches, clocks and jewellery",NACE_1.1:52.73,2001,2004,975
Repair n.e.c,52.74,G,,1482,Repair n.e.c,NACE_1.1:52.74,2001,2004,975
Hotels and restaurants,55.00,H,,1483,Hotels and restaurants,NACE_1.1:55.00,2001,2004,976
Hotels,55.10,H,,1484,Hotels,NACE_1.1:55.10,2001,2004,976
"Hotels and motels, with restaurant",55.11,H,,1485,"Hotels and motels, with restaurant",NACE_1.1:55.11,2001,2004,976
"Hotels and motels, without restaurant",55.12,H,,1486,"Hotels and motels, without restaurant",NACE_1.1:55.12,2001,2004,976
Camping sites and other provision of short-stay accommodation,55.20,H,,1487,Camping sites and other provision of short-stay accommodation,NACE_1.1:55.20,2001,2004,976
Youth hostels and mountain refuges,55.21,H,,1488,Youth hostels and mountain refuges,NACE_1.1:55.21,2001,2004,976
"Camping sites, including caravan sites",55.22,H,,1489,"Camping sites, including caravan sites",NACE_1.1:55.22,2001,2004,976
Other provision of lodgings n.e.c,55.23,H,,1490,Other provision of lodgings n.e.c,NACE_1.1:55.23,2001,2004,976
Restaurants,55.30,H,,1491,Restaurants,NACE_1.1:55.30,2001,2004,976
Bars,55.40,H,,1492,Bars,NACE_1.1:55.40,2001,2004,976
Canteens and catering,55.50,H,,1493,Canteens and catering,NACE_1.1:55.50,2001,2004,976
Canteens,55.51,H,,1494,Canteens,NACE_1.1:55.51,2001,2004,976
Catering,55.52,H,,1495,Catering,NACE_1.1:55.52,2001,2004,976
Land transport; transport via pipelines,60.00,I,,1496,Land transport; transport via pipelines,NACE_1.1:60.00,2001,2004,977
Transport via railways,60.10,I,,1497,Transport via railways,NACE_1.1:60.10,2001,2004,977
Other land transport,60.20,I,,1498,Other land transport,NACE_1.1:60.20,2001,2004,977
Other scheduled passenger land transport,60.21,I,,1499,Other scheduled passenger land transport,NACE_1.1:60.21,2001,2004,977
Taxi operation,60.22,I,,1500,Taxi operation,NACE_1.1:60.22,2001,2004,977
Other land passenger transport,60.23,I,,1501,Other land passenger transport,NACE_1.1:60.23,2001,2004,977
Freight transport by road,60.24,I,,1502,Freight transport by road,NACE_1.1:60.24,2001,2004,977
Transport via pipelines,60.30,I,,1503,Transport via pipelines,NACE_1.1:60.30,2001,2004,977
Water transport,61.00,I,,1504,Water transport,NACE_1.1:61.00,2001,2004,977
Sea and coastal water transport,61.10,I,,1505,Sea and coastal water transport,NACE_1.1:61.10,2001,2004,977
Sea transport,61.11,I,,1506,Sea transport,NACE_1.1:61.11,2001,2004,977
Coastal water transport,61.12,I,,1507,Coastal water transport,NACE_1.1:61.12,2001,2004,977
Inland water transport,61.20,I,,1508,Inland water transport,NACE_1.1:61.20,2001,2004,977
Air transport,62.00,I,,1509,Air transport,NACE_1.1:62.00,2001,2004,977
Scheduled air transport,62.10,I,,1510,Scheduled air transport,NACE_1.1:62.10,2001,2004,977
Non-scheduled air transport,62.20,I,,1511,Non-scheduled air transport,NACE_1.1:62.20,2001,2004,977
Space transport,62.30,I,,1512,Space transport,NACE_1.1:62.30,2001,2004,977
Supporting & auxiliary transport activities; activities of travel agencies,63.00,I,,1513,Supporting & auxiliary transport activities; activities of travel agencies,NACE_1.1:63.00,2001,2004,977
Cargo handling and storage,63.10,I,,1514,Cargo handling and storage,NACE_1.1:63.10,2001,2004,977
Cargo handling,63.11,I,,1515,Cargo handling,NACE_1.1:63.11,2001,2004,977
Storage and warehousing,63.12,I,,1516,Storage and warehousing,NACE_1.1:63.12,2001,2004,977
Other supporting transport activities,63.20,I,,1517,Other supporting transport activities,NACE_1.1:63.20,2001,2004,977
Other supporting land transport activities,63.21,I,,1518,Other supporting land transport activities,NACE_1.1:63.21,2001,2004,977
Other supporting water transport activities,63.22,I,,1519,Other supporting water transport activities,NACE_1.1:63.22,2001,2004,977
Other supporting air transport activities,63.23,I,,1520,Other supporting air transport activities,NACE_1.1:63.23,2001,2004,977
Activities of travel agencies & tour operators; tourist assistance activiti,63.30,I,,1521,Activities of travel agencies & tour operators; tourist assistance activiti,NACE_1.1:63.30,2001,2004,977
Activities of other transport agencies,63.40,I,,1522,Activities of other transport agencies,NACE_1.1:63.40,2001,2004,977
Post and telecommunications,64.00,I,,1523,Post and telecommunications,NACE_1.1:64.00,2001,2004,977
Post and courier activities,64.10,I,,1524,Post and courier activities,NACE_1.1:64.10,2001,2004,977
National post activities,64.11,I,,1525,National post activities,NACE_1.1:64.11,2001,2004,977
Courier activities other than national post activities,64.12,I,,1526,Courier activities other than national post activities,NACE_1.1:64.12,2001,2004,977
Telecommunications,64.20,I,,1527,Telecommunications,NACE_1.1:64.20,2001,2004,977
"Financial intermediation, except insurance and pension funding",65.00,J,,1528,"Financial intermediation, except insurance and pension funding",NACE_1.1:65.00,2001,2004,978
Monetary intermediation,65.10,J,,1529,Monetary intermediation,NACE_1.1:65.10,2001,2004,978
Central banking,65.11,J,,1530,Central banking,NACE_1.1:65.11,2001,2004,978
Other monetary intermediation,65.12,J,,1531,Other monetary intermediation,NACE_1.1:65.12,2001,2004,978
Other financial intermediation,65.20,J,,1532,Other financial intermediation,NACE_1.1:65.20,2001,2004,978
Financial leasing,65.21,J,,1533,Financial leasing,NACE_1.1:65.21,2001,2004,978
Other credit granting,65.22,J,,1534,Other credit granting,NACE_1.1:65.22,2001,2004,978
Other financial intermediation n.e.c,65.23,J,,1535,Other financial intermediation n.e.c,NACE_1.1:65.23,2001,2004,978
"Insurance and pension funding, except compulsory social security",66.00,J,,1536,"Insurance and pension funding, except compulsory social security",NACE_1.1:66.00,2001,2004,978
Life insurance,66.10,J,,1537,Life insurance,NACE_1.1:66.10,2001,2004,978
Pension funding,66.20,J,,1538,Pension funding,NACE_1.1:66.20,2001,2004,978
Non-life insurance,66.30,J,,1539,Non-life insurance,NACE_1.1:66.30,2001,2004,978
Activities auxiliary to financial intermediation,67.00,J,,1540,Activities auxiliary to financial intermediation,NACE_1.1:67.00,2001,2004,978
"Activities auxiliary to financial intermediation, exc. insurance & pension",67.10,J,,1541,"Activities auxiliary to financial intermediation, exc. insurance & pension",NACE_1.1:67.10,2001,2004,978
Administration of financial markets,67.11,J,,1542,Administration of financial markets,NACE_1.1:67.11,2001,2004,978
Security brooking and fund management,67.12,J,,1543,Security brooking and fund management,NACE_1.1:67.12,2001,2004,978
Activities auxiliary to financial intermediation n.e.c,67.13,J,,1544,Activities auxiliary to financial intermediation n.e.c,NACE_1.1:67.13,2001,2004,978
Activities auxiliary to insurance and pension funding,67.20,J,,1545,Activities auxiliary to insurance and pension funding,NACE_1.1:67.20,2001,2004,978
Real estate activities,70.00,K,,1546,Real estate activities,NACE_1.1:70.00,2001,2004,979
Real estate activities with own property,70.10,K,,1547,Real estate activities with own property,NACE_1.1:70.10,2001,2004,979
Development and selling of real estate,70.11,K,,1548,Development and selling of real estate,NACE_1.1:70.11,2001,2004,979
Buying and selling of own real estate,70.12,K,,1549,Buying and selling of own real estate,NACE_1.1:70.12,2001,2004,979
Letting of own property,70.20,K,,1550,Letting of own property,NACE_1.1:70.20,2001,2004,979
Real estate activities on a fee or contract basis,70.30,K,,1551,Real estate activities on a fee or contract basis,NACE_1.1:70.30,2001,2004,979
Real estate agencies,70.31,K,,1552,Real estate agencies,NACE_1.1:70.31,2001,2004,979
Management of real estate on a fee or contract basis,70.32,K,,1553,Management of real estate on a fee or contract basis,NACE_1.1:70.32,2001,2004,979
Renting of machinery & equipment without operator & of personal & household,71.00,K,,1554,Renting of machinery & equipment without operator & of personal & household,NACE_1.1:71.00,2001,2004,979
Renting of automobiles,71.10,K,,1555,Renting of automobiles,NACE_1.1:71.10,2001,2004,979
Renting of other transport equipment,71.20,K,,1556,Renting of other transport equipment,NACE_1.1:71.20,2001,2004,979
Renting of other land transport equipment,71.21,K,,1557,Renting of other land transport equipment,NACE_1.1:71.21,2001,2004,979
Renting of water transport equipment,71.22,K,,1558,Renting of water transport equipment,NACE_1.1:71.22,2001,2004,979
Renting of air transport equipment,71.23,K,,1559,Renting of air transport equipment,NACE_1.1:71.23,2001,2004,979
Renting of other machinery and equipment,71.30,K,,1560,Renting of other machinery and equipment,NACE_1.1:71.30,2001,2004,979
Renting of agricultural machinery and equipment,71.31,K,,1561,Renting of agricultural machinery and equipment,NACE_1.1:71.31,2001,2004,979
Renting of construction and civil engineering machinery and equipment,71.32,K,,1562,Renting of construction and civil engineering machinery and equipment,NACE_1.1:71.32,2001,2004,979
Renting of office machinery and equipment including computers,71.33,K,,1563,Renting of office machinery and equipment including computers,NACE_1.1:71.33,2001,2004,979
Renting of other machinery and equipment n.e.c,71.34,K,,1564,Renting of other machinery and equipment n.e.c,NACE_1.1:71.34,2001,2004,979
Renting of personal and household goods n.e.c,71.40,K,,1565,Renting of personal and household goods n.e.c,NACE_1.1:71.40,2001,2004,979
Computer and related activities,72.00,K,,1566,Computer and related activities,NACE_1.1:72.00,2001,2004,979
Hardware consultancy,72.10,K,,1567,Hardware consultancy,NACE_1.1:72.10,2001,2004,979
Software consultancy and supply,72.20,K,,1568,Software consultancy and supply,NACE_1.1:72.20,2001,2004,979
Data processing,72.30,K,,1569,Data processing,NACE_1.1:72.30,2001,2004,979
Data base activities,72.40,K,,1570,Data base activities,NACE_1.1:72.40,2001,2004,979
"Maintenance and repair of office, accounting and computing machinery",72.50,K,,1571,"Maintenance and repair of office, accounting and computing machinery",NACE_1.1:72.50,2001,2004,979
Other computer related activities,72.60,K,,1572,Other computer related activities,NACE_1.1:72.60,2001,2004,979
Research and development,73.00,K,,1573,Research and development,NACE_1.1:73.00,2001,2004,979
Research and experimental development on natural sciences and engineering,73.10,K,,1574,Research and experimental development on natural sciences and engineering,NACE_1.1:73.10,2001,2004,979
Research and experimental development on social sciences and humanities,73.20,K,,1575,Research and experimental development on social sciences and humanities,NACE_1.1:73.20,2001,2004,979
Other business activities,74.00,K,,1576,Other business activities,NACE_1.1:74.00,2001,2004,979
"Legal, accounting & auditing activities; consultancy; market res.; holdings",74.10,K,,1577,"Legal, accounting & auditing activities; consultancy; market res.; holdings",NACE_1.1:74.10,2001,2004,979
Legal activities,74.11,K,,1578,Legal activities,NACE_1.1:74.11,2001,2004,979
"Accounting, book-keeping and auditing activities; tax consultancy",74.12,K,,1579,"Accounting, book-keeping and auditing activities; tax consultancy",NACE_1.1:74.12,2001,2004,979
Market research and public opinion polling,74.13,K,,1580,Market research and public opinion polling,NACE_1.1:74.13,2001,2004,979
Business and management consultancy activities,74.14,K,,1581,Business and management consultancy activities,NACE_1.1:74.14,2001,2004,979
Management activities of holding companies,74.15,K,,1582,Management activities of holding companies,NACE_1.1:74.15,2001,2004,979
Architectural and engineering activities and related technical consultancy,74.20,K,,1583,Architectural and engineering activities and related technical consultancy,NACE_1.1:74.20,2001,2004,979
Technical testing and analysis,74.30,K,,1584,Technical testing and analysis,NACE_1.1:74.30,2001,2004,979
Advertising,74.40,K,,1585,Advertising,NACE_1.1:74.40,2001,2004,979
Labour recruitment and provision of personnel,74.50,K,,1586,Labour recruitment and provision of personnel,NACE_1.1:74.50,2001,2004,979
Investigation and security activities,74.60,K,,1587,Investigation and security activities,NACE_1.1:74.60,2001,2004,979
Industrial cleaning,74.70,K,,1588,Industrial cleaning,NACE_1.1:74.70,2001,2004,979
Miscellaneous business activities n.e.c,74.80,K,,1589,Miscellaneous business activities n.e.c,NACE_1.1:74.80,2001,2004,979
Photographic activities,74.81,K,,1590,Photographic activities,NACE_1.1:74.81,2001,2004,979
Packaging activities,74.82,K,,1591,Packaging activities,NACE_1.1:74.82,2001,2004,979
Secretarial and translation activities,74.83,K,,1592,Secretarial and translation activities,NACE_1.1:74.83,2001,2004,979
Other business activities n.e.c,74.84,K,,1593,Other business activities n.e.c,NACE_1.1:74.84,2001,2004,979
Public administration and defence; compulsory social security,75.00,L,,1594,Public administration and defence; compulsory social security,NACE_1.1:75.00,2001,2004,980
Administration of the State & the economic & social policy of the community,75.10,L,,1595,Administration of the State & the economic & social policy of the community,NACE_1.1:75.10,2001,2004,980
General (overall) public service activities,75.11,L,,1596,General (overall) public service activities,NACE_1.1:75.11,2001,2004,980
"Regulation activities of agencies that provide ... social services, excl ..",75.12,L,,1597,"Regulation activities of agencies that provide ... social services, excl ..",NACE_1.1:75.12,2001,2004,980
Regulation of and contribution to more efficient operation of business,75.13,L,,1598,Regulation of and contribution to more efficient operation of business,NACE_1.1:75.13,2001,2004,980
Supporting service activities for the government as a whole,75.14,L,,1599,Supporting service activities for the government as a whole,NACE_1.1:75.14,2001,2004,980
Provision of services to the community as a whole,75.20,L,,1600,Provision of services to the community as a whole,NACE_1.1:75.20,2001,2004,980
Foreign affairs,75.21,L,,1601,Foreign affairs,NACE_1.1:75.21,2001,2004,980
Defence activities,75.22,L,,1602,Defence activities,NACE_1.1:75.22,2001,2004,980
Justice and judicial activities,75.23,L,,1603,Justice and judicial activities,NACE_1.1:75.23,2001,2004,980
"Public security, law and order activities",75.24,L,,1604,"Public security, law and order activities",NACE_1.1:75.24,2001,2004,980
Fire service activities,75.25,L,,1605,Fire service activities,NACE_1.1:75.25,2001,2004,980
Compulsory social security activities,75.30,L,,1606,Compulsory social security activities,NACE_1.1:75.30,2001,2004,980
Education,80.00,M,,1607,Education,NACE_1.1:80.00,2001,2004,981
Primary education,80.10,M,,1608,Primary education,NACE_1.1:80.10,2001,2004,981
Secondary education,80.20,M,,1609,Secondary education,NACE_1.1:80.20,2001,2004,981
General secondary education,80.21,M,,1610,General secondary education,NACE_1.1:80.21,2001,2004,981
Technical and vocational secondary education,80.22,M,,1611,Technical and vocational secondary education,NACE_1.1:80.22,2001,2004,981
Higher education,80.30,M,,1612,Higher education,NACE_1.1:80.30,2001,2004,981
Adult and other education,80.40,M,,1613,Adult and other education,NACE_1.1:80.40,2001,2004,981
Driving school activities,80.41,M,,1614,Driving school activities,NACE_1.1:80.41,2001,2004,981
Adult and other education n.e.c,80.42,M,,1615,Adult and other education n.e.c,NACE_1.1:80.42,2001,2004,981
Health and social work,85.00,N,,1616,Health and social work,NACE_1.1:85.00,2001,2004,982
Human health activities,85.10,N,,1617,Human health activities,NACE_1.1:85.10,2001,2004,982
Hospital activities,85.11,N,,1618,Hospital activities,NACE_1.1:85.11,2001,2004,982
Medical practice activities,85.12,N,,1619,Medical practice activities,NACE_1.1:85.12,2001,2004,982
Dental practice activities,85.13,N,,1620,Dental practice activities,NACE_1.1:85.13,2001,2004,982
Other human health activities,85.14,N,,1621,Other human health activities,NACE_1.1:85.14,2001,2004,982
Veterinary activities,85.20,N,,1622,Veterinary activities,NACE_1.1:85.20,2001,2004,982
Social work activities,85.30,N,,1623,Social work activities,NACE_1.1:85.30,2001,2004,982
Social work activities with accommodation,85.31,N,,1624,Social work activities with accommodation,NACE_1.1:85.31,2001,2004,982
Social work activities without accommodation,85.32,N,,1625,Social work activities without accommodation,NACE_1.1:85.32,2001,2004,982
"Sewage and refuse disposal, sanitation and similar activities",90.00,O,,1626,"Sewage and refuse disposal, sanitation and similar activities",NACE_1.1:90.00,2001,2004,983
Activities of membership organization n.e.c,91.00,O,,1627,Activities of membership organization n.e.c,NACE_1.1:91.00,2001,2004,983
"Activities of business, employers and professional organisations",91.10,O,,1628,"Activities of business, employers and professional organisations",NACE_1.1:91.10,2001,2004,983
Activities of business and employers organisations,91.11,O,,1629,Activities of business and employers organisations,NACE_1.1:91.11,2001,2004,983
Activities of professional organisations,91.12,O,,1630,Activities of professional organisations,NACE_1.1:91.12,2001,2004,983
Activities of trade unions,91.20,O,,1631,Activities of trade unions,NACE_1.1:91.20,2001,2004,983
Activities of other membership organisations,91.30,O,,1632,Activities of other membership organisations,NACE_1.1:91.30,2001,2004,983
Activities of religious organisations,91.31,O,,1633,Activities of religious organisations,NACE_1.1:91.31,2001,2004,983
Activities of political organisations,91.32,O,,1634,Activities of political organisations,NACE_1.1:91.32,2001,2004,983
Activities of other membership organisations n.e.c,91.33,O,,1635,Activities of other membership organisations n.e.c,NACE_1.1:91.33,2001,2004,983
"Recreational, cultural and sporting activities",92.00,O,,1636,"Recreational, cultural and sporting activities",NACE_1.1:92.00,2001,2004,983
Motion picture and video activities,92.10,O,,1637,Motion picture and video activities,NACE_1.1:92.10,2001,2004,983
Motion picture and video production,92.11,O,,1638,Motion picture and video production,NACE_1.1:92.11,2001,2004,983
Motion picture and video distribution,92.12,O,,1639,Motion picture and video distribution,NACE_1.1:92.12,2001,2004,983
Motion picture projection,92.13,O,,1640,Motion picture projection,NACE_1.1:92.13,2001,2004,983
Radio and television activities,92.20,O,,1641,Radio and television activities,NACE_1.1:92.20,2001,2004,983
Other entertainment activities,92.30,O,,1642,Other entertainment activities,NACE_1.1:92.30,2001,2004,983
Artistic and literary creation and interpretation,92.31,O,,1643,Artistic and literary creation and interpretation,NACE_1.1:92.31,2001,2004,983
Operation of arts facilities,92.32,O,,1644,Operation of arts facilities,NACE_1.1:92.32,2001,2004,983
Fair and amusement park activities,92.33,O,,1645,Fair and amusement park activities,NACE_1.1:92.33,2001,2004,983
Other entertainment activities n.e.c,92.34,O,,1646,Other entertainment activities n.e.c,NACE_1.1:92.34,2001,2004,983
News agency activities,92.40,O,,1647,News agency activities,NACE_1.1:92.40,2001,2004,983
"Library, archives, museums and other cultural activities",92.50,O,,1648,"Library, archives, museums and other cultural activities",NACE_1.1:92.50,2001,2004,983
Library and archives activities,92.51,O,,1649,Library and archives activities,NACE_1.1:92.51,2001,2004,983
Museums activities and preservation of historical sites and buildings,92.52,O,,1650,Museums activities and preservation of historical sites and buildings,NACE_1.1:92.52,2001,2004,983
Botanical and zoological gardens and nature reserves activities,92.53,O,,1651,Botanical and zoological gardens and nature reserves activities,NACE_1.1:92.53,2001,2004,983
Sporting activities,92.60,O,,1652,Sporting activities,NACE_1.1:92.60,2001,2004,983
Operation of sports arenas and stadiums,92.61,O,,1653,Operation of sports arenas and stadiums,NACE_1.1:92.61,2001,2004,983
Other sporting activities,92.62,O,,1654,Other sporting activities,NACE_1.1:92.62,2001,2004,983
Other recreational activities,92.70,O,,1655,Other recreational activities,NACE_1.1:92.70,2001,2004,983
Gambling and betting activities,92.71,O,,1656,Gambling and betting activities,NACE_1.1:92.71,2001,2004,983
Other recreational activities n.e.c,92.72,O,,1657,Other recreational activities n.e.c,NACE_1.1:92.72,2001,2004,983
Other services activities,93.00,O,,1658,Other services activities,NACE_1.1:93.00,2001,2004,983
Washing and dry-cleaning of textile and fur products,93.10,O,,1659,Washing and dry-cleaning of textile and fur products,NACE_1.1:93.10,2001,2004,983
Hairdressing and other beauty treatment,93.20,O,,1660,Hairdressing and other beauty treatment,NACE_1.1:93.20,2001,2004,983
Funeral and related activities,93.30,O,,1661,Funeral and related activities,NACE_1.1:93.30,2001,2004,983
Physical well-being activities,93.40,O,,1662,Physical well-being activities,NACE_1.1:93.40,2001,2004,983
Other service activities n.e.c,93.50,O,,1663,Other service activities n.e.c,NACE_1.1:93.50,2001,2004,983
Forestry and logging,02.01,,,1664,Forestry and logging,NACE_1.1:02.01,2001,2004,968
Forestry and logging related service activities,02.02,,,1665,Forestry and logging related service activities,NACE_1.1:02.02,2001,2004,968
Fishing,05.01,,,1666,Fishing,NACE_1.1:05.01,2001,2004,968
Fish farming,05.02,,,1667,Fish farming,NACE_1.1:05.02,2001,2004,968
Manufacture of portable hand held power tools,29.41,,,1668,Manufacture of portable hand held power tools,NACE_1.1:29.41,2001,2004,968
Manufacture of other metalworking machine tools,29.42,,,1669,Manufacture of other metalworking machine tools,NACE_1.1:29.42,2001,2004,968
Manufacture of other machine tools n.n.e.c,29.43,,,1670,Manufacture of other machine tools n.n.e.c,NACE_1.1:29.43,2001,2004,968
Manufacture of office machinery,30.01,,,1671,Manufacture of office machinery,NACE_1.1:30.01,2001,2004,968
Manufacture of computers and other information processing equipment,30.02,,,1672,Manufacture of computers and other information processing equipment,NACE_1.1:30.02,2001,2004,968
Production of electricity,40.11,,,1673,Production of electricity,NACE_1.1:40.11,2001,2004,968
Transmission of electricity,40.12,,,1674,Transmission of electricity,NACE_1.1:40.12,2001,2004,968
Distribution and trade of electricity,40.13,,,1675,Distribution and trade of electricity,NACE_1.1:40.13,2001,2004,968
Manufacture of gas,40.21,,,1676,Manufacture of gas,NACE_1.1:40.21,2001,2004,968
Distribution and trade of gaseous fuels through mains,40.22,,,1677,Distribution and trade of gaseous fuels through mains,NACE_1.1:40.22,2001,2004,968
"Wholesale of machinery, equipment and supplies",51.80,,,1678,"Wholesale of machinery, equipment and supplies",NACE_1.1:51.80,2001,2004,968
Wholesale of machine-tools,51.81,,,1679,Wholesale of machine-tools,NACE_1.1:51.81,2001,2004,968
"Wholesale of mining, construction and civil engineering machinery",51.82,,,1680,"Wholesale of mining, construction and civil engineering machinery",NACE_1.1:51.82,2001,2004,968
Wholesale of machinery for the textile industry and of sewing and knitting machines,51.83,,,1681,Wholesale of machinery for the textile industry and of sewing and knitting machines,NACE_1.1:51.83,2001,2004,968
"Wholesale of computers, computer peripheral equipment and software",51.84,,,1682,"Wholesale of computers, computer peripheral equipment and software",NACE_1.1:51.84,2001,2004,968
Wholesale of other office machinery and equipment,51.85,,,1683,Wholesale of other office machinery and equipment,NACE_1.1:51.85,2001,2004,968
Wholesale of other electronic parts and equipment,51.86,,,1684,Wholesale of other electronic parts and equipment,NACE_1.1:51.86,2001,2004,968
"Wholesale of other machinery for use in industry, trade and navigation",51.87,,,1685,"Wholesale of other machinery for use in industry, trade and navigation",NACE_1.1:51.87,2001,2004,968
"Wholesale of agricultural machinery and accessories and implements, including tractors",51.88,,,1686,"Wholesale of agricultural machinery and accessories and implements, including tractors",NACE_1.1:51.88,2001,2004,968
Other wholesale,51.90,,,1687,Other wholesale,NACE_1.1:51.90,2001,2004,968
Life insurance,66.01,,,1688,Life insurance,NACE_1.1:66.01,2001,2004,968
Pension funding,66.02,,,1689,Pension funding,NACE_1.1:66.02,2001,2004,968
Non-life insurance,66.03,,,1690,Non-life insurance,NACE_1.1:66.03,2001,2004,968
Publishing of software,72.21,,,1691,Publishing of software,NACE_1.1:72.21,2001,2004,968
Other software consultancy and supply,72.22,,,1692,Other software consultancy and supply,NACE_1.1:72.22,2001,2004,968
Secretarial and translation activities,74.85,,,1693,Secretarial and translation activities,NACE_1.1:74.85,2001,2004,968
Call centre activities,74.86,,,1694,Call centre activities,NACE_1.1:74.86,2001,2004,968
Other business activities n.n.e.c,74.87,,,1695,Other business activities n.n.e.c,NACE_1.1:74.87,2001,2004,968
Collection and treatment of sewage,90.01,,,1696,Collection and treatment of sewage,NACE_1.1:90.01,2001,2004,968
Collection and treatment of other waste,90.02,,,1697,Collection and treatment of other waste,NACE_1.1:90.02,2001,2004,968
"Sanitation, remediation and similar activities",90.03,,,1698,"Sanitation, remediation and similar activities",NACE_1.1:90.03,2001,2004,968
Washing and dry-cleaning of textile and fur products,93.01,,,1699,Washing and dry-cleaning of textile and fur products,NACE_1.1:93.01,2001,2004,968
Hairdressing and other beauty treatment,93.02,,,1700,Hairdressing and other beauty treatment,NACE_1.1:93.02,2001,2004,968
Funeral and related activities,93.03,,,1701,Funeral and related activities,NACE_1.1:93.03,2001,2004,968
Physical well-being activities,93.04,,,1702,Physical well-being activities,NACE_1.1:93.04,2001,2004,968
Other service activities n.n.e.c,93.05,,,1703,Other service activities n.n.e.c,NACE_1.1:93.05,2001,2004,968
Activities of households as employers of domestic staff,95.00,,,1704,Activities of households as employers of domestic staff,NACE_1.1:95.00,2001,2004,968
Undifferentiated goods producing activities of private households for own use,96.00,,,1705,Undifferentiated goods producing activities of private households for own use,NACE_1.1:96.00,2001,2004,968
Undifferentiated services producing activities of private households for own use,97.00,,,1706,Undifferentiated services producing activities of private households for own use,NACE_1.1:97.00,2001,2004,968
Extra-territorial organizations and bodies,99.00,,,1707,Extra-territorial organizations and bodies,NACE_1.1:99.00,2001,2004,968
