EPER_Code,EPER_Name,StartYear,EndYear,EPRTR_Code,EPRTR_Name,EPRTR_StartYear
2,Production and processing of metals,2001,2004,2,Productiona and processing of metals,2007
1.2,Mineral oil and gas refineries,2001,2004,1.(a),Mineral oil and gas refineries,2007
1.1,Combustion installations > 50 MW,2001,2004,1.(c),Thermal power stations and other combustion installations,2007
1.3,Coke ovens,2001,2004,1.(d),Coke ovens,2007
3.2,Production of asbestos and asbestos based products,2001,2004,3.(d),Installations for the production of asbestos and the manufacture of asbestos-based products,2007
4.1,Basic organic chemicals,2001,2004,4.(a),"Chemical installations for the production on an industrial scale of basic organic chemicals, such as:",2007
4.5,Pharmaceutical products,2001,2004,4.(e),Installations using a chemical or biological process for the production on an industrial scale of basic pharmaceutical products,2007
6.5,Disposal or recycling of animal carcasses and animal waste,2001,2004,5.(e),Installations for the disposal or recycling of animal carcasses and animal waste,2007
6.6,"Poultry, pigs and sows",2001,2004,7.(a),Installations for the intensive rearing of poultry or pigs,2007
6.2,Pretreatment of fibres or textiles,2001,2004,9.(a),"Plants for the pre-treatment (operations such as washing, bleaching, mercerisation) or dyeing of fibres or textiles",2007
6.3,Tanning of hides and skins,2001,2004,9.(b),Plants for the tanning of hides and skins,2007
6.7,Surface treatment or products using organic solvents,2001,2004,9.(c),"Installations for the surface treatment of substances, objects or products using organic solvents, in particular for dressing, printing, coating, degreasing, waterproofing, sizing, painting, cleaning or impregnating",2007
6.8,Production of carbon or graphite,2001,2004,9.(d),Installations for the production of carbon (hard-burnt coal) or electro-graphite by means of incineration or graphitisation,2007
